prov_code,prov_name,dist_code,dist_name,bbox,bbox4point,page_orientation,print
1,Kabul,101,Kabul,'68.976675544,34.425226449,69.39355796,34.610287532','68.976675544,34.425226449 69.39355796,34.425226449 69.39355796,34.610287532 68.976675544,34.610287532 68.976675544,34.425226449',landscape,no
1,Kabul,102,Dehsabz,'69.153300919,34.56185946,69.458291733,34.797858686','69.153300919,34.56185946 69.458291733,34.56185946 69.458291733,34.797858686 69.153300919,34.797858686 69.153300919,34.56185946',landscape,no
1,Kabul,103,Shakardara,'68.864881179,34.550860436,69.199617602,34.754589138','68.864881179,34.550860436 69.199617602,34.550860436 69.199617602,34.754589138 68.864881179,34.754589138 68.864881179,34.550860436',landscape,no
1,Kabul,104,Paghman,'68.832952919,34.417579772,69.056696615,34.67468083','68.832952919,34.417579772 69.056696615,34.417579772 69.056696615,34.67468083 68.832952919,34.67468083 68.832952919,34.417579772',portrait,no
1,Kabul,105,Chaharasyab,'68.946290346,34.303401382,69.215236354,34.451022324','68.946290346,34.303401382 69.215236354,34.303401382 69.215236354,34.451022324 68.946290346,34.451022324 68.946290346,34.303401382',landscape,no
1,Kabul,106,Musayi,'69.139610428,34.305594635,69.304244158,34.432911292','69.139610428,34.305594635 69.304244158,34.305594635 69.304244158,34.432911292 69.139610428,34.432911292 69.139610428,34.305594635',landscape,no
1,Kabul,107,Bagrami,'69.173141865,34.411657087,69.466896438,34.572885805','69.173141865,34.411657087 69.466896438,34.411657087 69.466896438,34.572885805 69.173141865,34.572885805 69.173141865,34.411657087',landscape,no
1,Kabul,108,Qarabagh,'69.001982488,34.772404564,69.327147896,34.931762618','69.001982488,34.772404564 69.327147896,34.772404564 69.327147896,34.931762618 69.001982488,34.931762618 69.001982488,34.772404564',landscape,no
1,Kabul,109,Kalakan,'69.106073781,34.692613705,69.226830537,34.813452085','69.106073781,34.692613705 69.226830537,34.692613705 69.226830537,34.813452085 69.106073781,34.813452085 69.106073781,34.692613705',portrait,no
1,Kabul,110,Mirbachakot,'69.073772706,34.674060359,69.170922854,34.779119656','69.073772706,34.674060359 69.170922854,34.674060359 69.170922854,34.779119656 69.073772706,34.779119656 69.073772706,34.674060359',portrait,no
1,Kabul,111,Guldara,'68.910672241,34.714464795,69.082543601,34.781300962','68.910672241,34.714464795 69.082543601,34.714464795 69.082543601,34.781300962 68.910672241,34.781300962 68.910672241,34.714464795',landscape,no
1,Kabul,112,Khak-e- Jabbar,'69.283506547,34.147203626,69.563908577,34.565964485','69.283506547,34.147203626 69.563908577,34.147203626 69.563908577,34.565964485 69.283506547,34.565964485 69.283506547,34.147203626',portrait,no
1,Kabul,113,Surobi,'69.453541146,34.207874335,69.951313836,34.854480315','69.453541146,34.207874335 69.951313836,34.207874335 69.951313836,34.854480315 69.453541146,34.854480315 69.453541146,34.207874335',portrait,no
1,Kabul,114,Estalef,'68.930951034,34.801506153,69.127326106,34.906172801','68.930951034,34.801506153 69.127326106,34.801506153 69.127326106,34.906172801 68.930951034,34.906172801 68.930951034,34.801506153',landscape,no
1,Kabul,115,Farza,'68.916692217,34.750802376,69.127326106,34.829167387','68.916692217,34.750802376 69.127326106,34.750802376 69.127326106,34.829167387 68.916692217,34.829167387 68.916692217,34.750802376',landscape,no
2,Kapisa,201,Mahmud-e- Raqi,'69.281390972,34.913791763,69.530486148,35.093387012','69.281390972,34.913791763 69.530486148,34.913791763 69.530486148,35.093387012 69.281390972,35.093387012 69.281390972,34.913791763',landscape,no
2,Kapisa,202,Nejrab,'69.470284927,34.908718954,69.818020248,35.171409984','69.470284927,34.908718954 69.818020248,34.908718954 69.818020248,35.171409984 69.470284927,35.171409984 69.470284927,34.908718954',landscape,no
2,Kapisa,203,Kohband,'69.383480859,35.020817204,69.550003087,35.175319958','69.383480859,35.020817204 69.550003087,35.020817204 69.550003087,35.175319958 69.383480859,35.175319958 69.383480859,35.020817204',landscape,yes
2,Kapisa,204,Hisa-e- Duwum-e- Kohestan,'69.274621053,35.030558255,69.404056548,35.120740649','69.274621053,35.030558255 69.404056548,35.030558255 69.404056548,35.120740649 69.274621053,35.120740649 69.274621053,35.030558255',landscape,yes
2,Kapisa,205,Tagab,'69.555320505,34.634583431,69.885086114,34.944243267','69.555320505,34.634583431 69.885086114,34.634583431 69.885086114,34.944243267 69.555320505,34.944243267 69.555320505,34.634583431',landscape,yes
2,Kapisa,206,Alasay,'69.663426502,34.836461864,69.926008612,35.044346309','69.663426502,34.836461864 69.926008612,34.836461864 69.926008612,35.044346309 69.663426502,35.044346309 69.663426502,34.836461864',landscape,yes
2,Kapisa,207,Hisa-e- Awal-e- Kohestan,'69.284205258,35.08360828,69.433623302,35.187661325','69.284205258,35.08360828 69.433623302,35.08360828 69.433623302,35.187661325 69.284205258,35.187661325 69.284205258,35.08360828',landscape,yes
3,Parwan,301,Charikar,'68.982264568,34.873835095,69.294749158,35.102998683','68.982264568,34.873835095 69.294749158,34.873835095 69.294749158,35.102998683 68.982264568,35.102998683 68.982264568,34.873835095',landscape,yes
3,Parwan,302,Jabalussaraj,'69.073829547,35.084664415,69.294228997,35.171786693','69.073829547,35.084664415 69.294228997,35.084664415 69.294228997,35.171786693 69.073829547,35.171786693 69.073829547,35.084664415',landscape,yes
3,Parwan,303,Shinwari,'68.777425561,34.911526295,69.151550473,35.296542111','68.777425561,34.911526295 69.151550473,34.911526295 69.151550473,35.296542111 68.777425561,35.296542111 68.777425561,34.911526295',portrait,yes
3,Parwan,304,Bagram,'69.163275475,34.832052912,69.58498875,35.012327227','69.163275475,34.832052912 69.58498875,34.832052912 69.58498875,35.012327227 69.163275475,35.012327227 69.163275475,34.832052912',landscape,yes
3,Parwan,305,Saydkhel,'69.226163918,34.987719302,69.31059592,35.103946547','69.226163918,34.987719302 69.31059592,34.987719302 69.31059592,35.103946547 69.226163918,35.103946547 69.226163918,34.987719302',portrait,yes
3,Parwan,306,Salang,'68.966728798,35.122006393,69.275274024,35.42149411','68.966728798,35.122006393 69.275274024,35.122006393 69.275274024,35.42149411 68.966728798,35.42149411 68.966728798,35.122006393',landscape,yes
3,Parwan,307,Ghorband,'68.597370803,34.800834762,68.98373168,35.215040777','68.597370803,34.800834762 68.98373168,34.800834762 68.98373168,35.215040777 68.597370803,35.215040777 68.597370803,34.800834762',portrait,yes
3,Parwan,308,Koh-e- Safi,'69.303468063,34.584001637,69.623134623,34.908972579','69.303468063,34.584001637 69.623134623,34.584001637 69.623134623,34.908972579 69.303468063,34.908972579 69.303468063,34.584001637',portrait,yes
3,Parwan,309,Shekhali,'68.189098452,34.79490392,68.635785785,35.077759521','68.189098452,34.79490392 68.635785785,34.79490392 68.635785785,35.077759521 68.189098452,35.077759521 68.189098452,34.79490392',landscape,yes
3,Parwan,310,Surkh-e- Parsa,'68.294487266,34.620968223,68.920321006,34.94747598','68.294487266,34.620968223 68.920321006,34.620968223 68.920321006,34.94747598 68.294487266,34.94747598 68.294487266,34.620968223',landscape,yes
4,Wardak,401,Maydanshahr,'68.716928755,34.326284556,68.947725343,34.560777798','68.716928755,34.326284556 68.947725343,34.326284556 68.947725343,34.560777798 68.716928755,34.560777798 68.716928755,34.326284556',portrait,yes
4,Wardak,402,Jalrez,'68.37857404,34.307685248,68.859600905,34.697935228','68.37857404,34.307685248 68.859600905,34.307685248 68.859600905,34.697935228 68.37857404,34.697935228 68.37857404,34.307685248',landscape,yes
4,Wardak,403,Nerkh,'68.543231686,34.168985936,68.969356956,34.439553753','68.543231686,34.168985936 68.969356956,34.168985936 68.969356956,34.439553753 68.543231686,34.439553753 68.543231686,34.168985936',landscape,yes
4,Wardak,404,Hesa-e- Awal-e- Behsud,'67.959147484,34.22369585,68.434443877,34.799360382','67.959147484,34.22369585 68.434443877,34.22369585 68.434443877,34.799360382 67.959147484,34.799360382 67.959147484,34.22369585',portrait,yes
4,Wardak,405,Daymirdad,'68.07730891,33.961833828,68.581564421,34.443638503','68.07730891,33.961833828 68.581564421,33.961833828 68.581564421,34.443638503 68.07730891,34.443638503 68.07730891,33.961833828',landscape,yes
4,Wardak,406,Chak,'68.238488035,33.891395956,68.755909193,34.319971589','68.238488035,33.891395956 68.755909193,33.891395956 68.755909193,34.319971589 68.238488035,34.319971589 68.238488035,33.891395956',landscape,yes
4,Wardak,407,Saydabad,'68.452829291,33.68394361,68.901729256,34.208562666','68.452829291,33.68394361 68.901729256,33.68394361 68.901729256,34.208562666 68.452829291,34.208562666 68.452829291,33.68394361',portrait,yes
4,Wardak,408,Markaz-e-Behsud,'67.219755402,34.128482077,68.172220616,34.686611424','67.219755402,34.128482077 68.172220616,34.128482077 68.172220616,34.686611424 67.219755402,34.686611424 67.219755402,34.128482077',landscape,yes
4,Wardak,409,Jaghatu,'68.167450811,33.67983217,68.528330871,34.017721634','68.167450811,33.67983217 68.528330871,33.67983217 68.528330871,34.017721634 68.167450811,34.017721634 68.167450811,33.67983217',landscape,yes
5,Logar,501,Pul-e- Alam,'68.804284461,33.727735663,69.341362095,34.242778589','68.804284461,33.727735663 69.341362095,33.727735663 69.341362095,34.242778589 68.804284461,34.242778589 68.804284461,33.727735663',landscape,yes
5,Logar,502,Khoshi,'69.116645379,33.87038988,69.409328064,34.104252298','69.116645379,33.87038988 69.409328064,33.87038988 69.409328064,34.104252298 69.116645379,34.104252298 69.116645379,33.87038988',landscape,yes
5,Logar,503,Mohammadagha,'68.896810632,34.049847465,69.469506976,34.368166884','68.896810632,34.049847465 69.469506976,34.049847465 69.469506976,34.368166884 68.896810632,34.368166884 68.896810632,34.049847465',landscape,yes
5,Logar,504,Barakibarak,'68.750630518,33.846467803,69.00740341,34.017674751','68.750630518,33.846467803 69.00740341,33.846467803 69.00740341,34.017674751 68.750630518,34.017674751 68.750630518,33.846467803',landscape,yes
5,Logar,505,Charkh,'68.778655873,33.730699556,69.052906319,33.894381017','68.778655873,33.730699556 69.052906319,33.730699556 69.052906319,33.894381017 68.778655873,33.894381017 68.778655873,33.730699556',landscape,yes
5,Logar,506,Kharwar,'68.712559363,33.595326767,69.094885421,33.828739427','68.712559363,33.595326767 69.094885421,33.595326767 69.094885421,33.828739427 68.712559363,33.828739427 68.712559363,33.595326767',landscape,yes
5,Logar,507,Azra,'69.382900289,33.927514713,69.904895048,34.257643173','69.382900289,33.927514713 69.904895048,33.927514713 69.904895048,34.257643173 69.382900289,34.257643173 69.382900289,33.927514713',landscape,yes
6,Nangarhar,601,Jalalabad,'70.423287285,34.395255378,70.502440517,34.449811512','70.423287285,34.395255378 70.502440517,34.395255378 70.502440517,34.449811512 70.423287285,34.449811512 70.423287285,34.395255378',landscape,yes
6,Nangarhar,602,Behsud,'70.36169395,34.332748553,70.726665734,34.580913343','70.36169395,34.332748553 70.726665734,34.332748553 70.726665734,34.580913343 70.36169395,34.580913343 70.36169395,34.332748553',landscape,yes
6,Nangarhar,603,Surkhrod,'70.10076251,34.310376538,70.464789158,34.484521951','70.10076251,34.310376538 70.464789158,34.310376538 70.464789158,34.484521951 70.10076251,34.484521951 70.10076251,34.310376538',landscape,yes
6,Nangarhar,604,Khogyani,'69.947344232,34.00717228,70.299195983,34.431911527','69.947344232,34.00717228 70.299195983,34.00717228 70.299195983,34.431911527 69.947344232,34.431911527 69.947344232,34.00717228',portrait,yes
6,Nangarhar,605,Chaparhar,'70.244302138,34.185789378,70.483714935,34.360939503','70.244302138,34.185789378 70.483714935,34.185789378 70.483714935,34.360939503 70.244302138,34.360939503 70.244302138,34.185789378',landscape,yes
6,Nangarhar,606,Rodat,'70.419186942,34.151217025,70.731435901,34.376235354','70.419186942,34.151217025 70.731435901,34.151217025 70.731435901,34.376235354 70.419186942,34.376235354 70.419186942,34.151217025',landscape,yes
6,Nangarhar,607,Kama,'70.535657572,34.373478592,70.756558226,34.533137118','70.535657572,34.373478592 70.756558226,34.373478592 70.756558226,34.533137118 70.535657572,34.533137118 70.535657572,34.373478592',landscape,yes
6,Nangarhar,608,Kuzkunar,'70.464646755,34.483726046,70.768374957,34.643214329','70.464646755,34.483726046 70.768374957,34.483726046 70.768374957,34.643214329 70.464646755,34.643214329 70.464646755,34.483726046',landscape,yes
6,Nangarhar,609,Dara-e-Nur,'70.499445567,34.606022493,70.669765991,34.806346904','70.499445567,34.606022493 70.669765991,34.606022493 70.669765991,34.806346904 70.499445567,34.806346904 70.499445567,34.606022493',portrait,yes
6,Nangarhar,610,Hesarak,'69.478536976,34.102097151,69.951049303,34.410611185','69.478536976,34.102097151 69.951049303,34.102097151 69.951049303,34.410611185 69.478536976,34.410611185 69.478536976,34.102097151',landscape,yes
6,Nangarhar,611,Sherzad,'69.876539971,34.034561945,70.104257799,34.365303795','69.876539971,34.034561945 70.104257799,34.034561945 70.104257799,34.365303795 69.876539971,34.365303795 69.876539971,34.034561945',portrait,yes
6,Nangarhar,612,Pachieragam,'70.148632308,33.960265077,70.41616217,34.24769365','70.148632308,33.960265077 70.41616217,33.960265077 70.41616217,34.24769365 70.148632308,34.24769365 70.148632308,33.960265077',portrait,yes
6,Nangarhar,613,Dehbala,'70.32761886,33.939205598,70.537049793,34.247156012','70.32761886,33.939205598 70.537049793,33.939205598 70.537049793,34.247156012 70.32761886,34.247156012 70.32761886,33.939205598',portrait,yes
6,Nangarhar,614,Kot,'70.50727817,34.043982676,70.725804769,34.243358046','70.50727817,34.043982676 70.725804769,34.043982676 70.725804769,34.243358046 70.50727817,34.243358046 70.50727817,34.043982676',landscape,yes
6,Nangarhar,615,Batikot,'70.680835997,34.213950402,70.851146014,34.373478592','70.680835997,34.213950402 70.851146014,34.213950402 70.851146014,34.373478592 70.680835997,34.373478592 70.680835997,34.213950402',landscape,yes
6,Nangarhar,616,Goshta,'70.731435901,34.267352746,71.024836683,34.563099922','70.731435901,34.267352746 71.024836683,34.267352746 71.024836683,34.563099922 70.731435901,34.563099922 70.731435901,34.267352746',portrait,yes
6,Nangarhar,617,Achin,'70.511222897,33.942938804,70.79062624,34.226010726','70.511222897,33.942938804 70.79062624,33.942938804 70.79062624,34.226010726 70.511222897,34.226010726 70.511222897,33.942938804',portrait,yes
6,Nangarhar,618,Shinwar,'70.717976012,34.161367185,70.856272358,34.258105756','70.717976012,34.161367185 70.856272358,34.161367185 70.856272358,34.258105756 70.717976012,34.258105756 70.717976012,34.161367185',landscape,yes
6,Nangarhar,619,Muhmand Dara,'70.835361153,34.114163194,71.178624293,34.334693703','70.835361153,34.114163194 71.178624293,34.114163194 71.178624293,34.334693703 70.835361153,34.334693703 70.835361153,34.114163194',landscape,yes
6,Nangarhar,620,Lalpur,'70.871895068,34.225868251,71.176466052,34.45140302','70.871895068,34.225868251 71.176466052,34.225868251 71.176466052,34.45140302 70.871895068,34.45140302 70.871895068,34.225868251',landscape,yes
6,Nangarhar,621,Nazyan,'70.720560961,33.960645357,70.919903658,34.173132759','70.720560961,33.960645357 70.919903658,33.960645357 70.919903658,34.173132759 70.720560961,34.173132759 70.720560961,33.960645357',portrait,yes
6,Nangarhar,622,Durbaba,'70.850183702,34.006170571,71.082952865,34.180530692','70.850183702,34.006170571 71.082952865,34.006170571 71.082952865,34.180530692 70.850183702,34.180530692 70.850183702,34.006170571',landscape,yes
7,Laghman,701,Mehtarlam,'69.809746682,34.544044101,70.353885064,34.785932356','69.809746682,34.544044101 70.353885064,34.544044101 70.353885064,34.785932356 69.809746682,34.785932356 69.809746682,34.544044101',landscape,yes
7,Laghman,702,Alishang,'69.908900607,34.662482659,70.265746552,34.999650467','69.908900607,34.662482659 70.265746552,34.662482659 70.265746552,34.999650467 69.908900607,34.999650467 69.908900607,34.662482659',landscape,yes
7,Laghman,703,Qarghayi,'69.83757789,34.414088387,70.514202303,34.691080403','69.83757789,34.414088387 70.514202303,34.414088387 70.514202303,34.691080403 69.83757789,34.691080403 69.83757789,34.414088387',landscape,yes
7,Laghman,704,Alingar,'70.202153265,34.656925844,70.62662083,34.943342967','70.202153265,34.656925844 70.62662083,34.656925844 70.62662083,34.943342967 70.202153265,34.943342967 70.202153265,34.656925844',landscape,yes
7,Laghman,705,Dawlatshah,'69.806154262,34.88649126,70.215306903,35.218609901','69.806154262,34.88649126 70.215306903,34.88649126 70.215306903,35.218609901 69.806154262,35.218609901 69.806154262,34.88649126',landscape,yes
8,Panjsher,801,Bazarak,'69.34544821,35.254996627,69.624712415,35.472411962','69.34544821,35.254996627 69.624712415,35.254996627 69.624712415,35.472411962 69.34544821,35.472411962 69.34544821,35.254996627',landscape,yes
8,Panjsher,802,Shutul,'69.240620349,35.15785381,69.382673091,35.413945481','69.240620349,35.15785381 69.382673091,35.15785381 69.382673091,35.413945481 69.240620349,35.413945481 69.240620349,35.15785381',portrait,yes
8,Panjsher,803,Rukha,'69.371523612,35.155505762,69.579778145,35.369128574','69.371523612,35.155505762 69.579778145,35.155505762 69.579778145,35.369128574 69.371523612,35.369128574 69.371523612,35.155505762',portrait,yes
8,Panjsher,804,Dara,'69.563335406,35.075362584,69.992718927,35.366185824','69.563335406,35.075362584 69.992718927,35.075362584 69.992718927,35.366185824 69.563335406,35.366185824 69.563335406,35.075362584',landscape,yes
8,Panjsher,805,Khenj (Hes-e- Awal),'69.592959417,35.288393523,69.969745562,35.557994627','69.592959417,35.288393523 69.969745562,35.288393523 69.969745562,35.557994627 69.592959417,35.557994627 69.592959417,35.288393523',landscape,yes
8,Panjsher,806,Onaba(Anawa),'69.314936517,35.153074077,69.508738826,35.316160871','69.314936517,35.153074077 69.508738826,35.153074077 69.508738826,35.316160871 69.314936517,35.316160871 69.314936517,35.153074077',landscape,yes
8,Panjsher,807,Paryan,'69.763351174,35.384848642,70.293169551,35.889660839','69.763351174,35.384848642 70.293169551,35.384848642 70.293169551,35.889660839 69.763351174,35.889660839 69.763351174,35.384848642',landscape,yes
9,Baghlan,901,Pul-e- khumri,'68.44584783,35.872490495,68.871376181,36.15923339','68.44584783,35.872490495 68.871376181,35.872490495 68.871376181,36.15923339 68.44584783,36.15923339 68.44584783,35.872490495',landscape,yes
9,Baghlan,902,Baghlan-e-Jadid,'68.163152562,36.017322929,69.046637689,36.574643445','68.163152562,36.017322929 69.046637689,36.017322929 69.046637689,36.574643445 68.163152562,36.574643445 68.163152562,36.017322929',landscape,yes
9,Baghlan,903,Dahana-e-Ghori,'68.135364756,35.613253878,68.722728854,36.074051966','68.135364756,35.613253878 68.722728854,35.613253878 68.722728854,36.074051966 68.135364756,36.074051966 68.135364756,35.613253878',landscape,yes
9,Baghlan,904,Doshi,'68.199692739,35.354762715,69.029064477,35.949775034','68.199692739,35.354762715 69.029064477,35.354762715 69.029064477,35.949775034 68.199692739,35.949775034 68.199692739,35.354762715',landscape,yes
9,Baghlan,905,Nahrin,'68.825501925,35.819158437,69.221353554,36.204791095','68.825501925,35.819158437 69.221353554,35.819158437 69.221353554,36.204791095 68.825501925,36.204791095 68.825501925,35.819158437',landscape,yes
9,Baghlan,906,Tala Wa barfak,'68.004122773,35.004212234,68.859675034,35.592859521','68.004122773,35.004212234 68.859675034,35.004212234 68.859675034,35.592859521 68.004122773,35.592859521 68.004122773,35.004212234',landscape,yes
9,Baghlan,907,Khenjan,'68.793167232,35.269556366,69.194313366,35.69095065','68.793167232,35.269556366 69.194313366,35.269556366 69.194313366,35.69095065 68.793167232,35.69095065 68.793167232,35.269556366',portrait,yes
9,Baghlan,908,Andarab,'68.935928338,35.39362769,69.392559084,35.843317398','68.935928338,35.39362769 69.392559084,35.39362769 69.392559084,35.843317398 68.935928338,35.843317398 68.935928338,35.39362769',landscape,yes
9,Baghlan,909,Khwajahejran,'69.139281477,35.788391222,69.432523981,36.156391888','69.139281477,35.788391222 69.432523981,35.788391222 69.432523981,36.156391888 69.139281477,36.156391888 69.139281477,35.788391222',portrait,yes
9,Baghlan,910,Burka,'68.928498546,36.092958611,69.44272491,36.427524107','68.928498546,36.092958611 69.44272491,36.092958611 69.44272491,36.427524107 68.928498546,36.427524107 68.928498546,36.092958611',landscape,yes
9,Baghlan,911,Pul-e-Hesar,'69.338446839,35.418534833,69.816347524,35.732961637','69.338446839,35.418534833 69.816347524,35.418534833 69.816347524,35.732961637 69.338446839,35.732961637 69.338446839,35.418534833',landscape,yes
9,Baghlan,912,Dehsalah,'69.198982705,35.640248359,69.547927868,35.870763669','69.198982705,35.640248359 69.547927868,35.640248359 69.547927868,35.870763669 69.198982705,35.870763669 69.198982705,35.640248359',landscape,yes
9,Baghlan,913,Khost Wa Fereng,'69.379254292,35.675884091,69.969873279,36.149911987','69.379254292,35.675884091 69.969873279,35.675884091 69.969873279,36.149911987 69.379254292,36.149911987 69.379254292,35.675884091',landscape,yes
9,Baghlan,914,Guzargah-e- Nur,'69.415681578,36.122212606,69.731559405,36.368364129','69.415681578,36.122212606 69.731559405,36.122212606 69.731559405,36.368364129 69.415681578,36.368364129 69.415681578,36.122212606',landscape,yes
9,Baghlan,915,Fereng Wa Gharu,'69.545207196,36.05936815,69.783676783,36.23862316','69.545207196,36.05936815 69.783676783,36.05936815 69.783676783,36.23862316 69.545207196,36.23862316 69.545207196,36.05936815',landscape,yes
10,Bamyan,1001,Bamyan,'67.36118759,34.601142609,68.027076444,35.003396301','67.36118759,34.601142609 68.027076444,34.601142609 68.027076444,35.003396301 67.36118759,35.003396301 67.36118759,34.601142609',landscape,yes
10,Bamyan,1002,Sayghan,'67.271650833,34.920479375,67.977640197,35.299821708','67.271650833,34.920479375 67.977640197,34.920479375 67.977640197,35.299821708 67.271650833,35.299821708 67.271650833,34.920479375',landscape,yes
10,Bamyan,1003,Yakawlang,'66.296662974,34.483504084,67.444487072,35.451256689','66.296662974,34.483504084 67.444487072,34.483504084 67.444487072,35.451256689 66.296662974,35.451256689 66.296662974,34.483504084',landscape,yes
10,Bamyan,1004,Panjab,'66.499914444,34.231178646,67.440860891,34.597027605','66.499914444,34.231178646 67.440860891,34.231178646 67.440860891,34.597027605 66.499914444,34.597027605 66.499914444,34.231178646',landscape,yes
10,Bamyan,1005,Shibar,'67.783761136,34.59803103,68.265297441,35.241378195','67.783761136,34.59803103 68.265297441,34.59803103 68.265297441,35.241378195 67.783761136,35.241378195 67.783761136,34.59803103',portrait,yes
10,Bamyan,1006,Kahmard,'67.364557246,35.209158347,68.126046649,35.481774608','67.364557246,35.209158347 68.126046649,35.209158347 68.126046649,35.481774608 67.364557246,35.481774608 67.364557246,35.209158347',landscape,yes
10,Bamyan,1007,Waras,'66.47672751,33.90955631,67.513576506,34.380713385','66.47672751,33.90955631 67.513576506,33.90955631 67.513576506,34.380713385 66.47672751,34.380713385 66.47672751,33.90955631',landscape,yes
11,Ghazni,1101,Ghazni,'68.319009957,33.40718065,68.58364817,33.642727628','68.319009957,33.40718065 68.58364817,33.40718065 68.58364817,33.642727628 68.319009957,33.642727628 68.319009957,33.40718065',landscape,yes
11,Ghazni,1102,Khwajaumari,'68.27884323,33.620237067,68.558729747,33.74298052','68.27884323,33.620237067 68.558729747,33.620237067 68.558729747,33.74298052 68.27884323,33.74298052 68.27884323,33.620237067',landscape,yes
11,Ghazni,1103,Walimuhammad-e- Shahid,'68.225139345,33.489683629,68.366852935,33.636760406','68.225139345,33.489683629 68.366852935,33.489683629 68.366852935,33.636760406 68.225139345,33.636760406 68.225139345,33.489683629',portrait,yes
11,Ghazni,1104,Waghaz,'68.047563179,33.325444548,68.36859257,33.501196794','68.047563179,33.325444548 68.36859257,33.325444548 68.36859257,33.501196794 68.047563179,33.501196794 68.047563179,33.325444548',landscape,yes
11,Ghazni,1105,Andar,'68.175463663,33.173110752,68.680156754,33.440596366','68.175463663,33.173110752 68.680156754,33.173110752 68.680156754,33.440596366 68.175463663,33.440596366 68.175463663,33.173110752',landscape,yes
11,Ghazni,1106,Dehyak,'68.463751875,33.297371753,68.827069723,33.628675736','68.463751875,33.297371753 68.827069723,33.297371753 68.827069723,33.628675736 68.463751875,33.628675736 68.463751875,33.297371753',landscape,yes
11,Ghazni,1107,Zanakhan,'68.499495092,33.596025943,68.783375849,33.792806566','68.499495092,33.596025943 68.783375849,33.596025943 68.783375849,33.792806566 68.499495092,33.792806566 68.499495092,33.596025943',landscape,yes
11,Ghazni,1108,Rashidan,'68.019918879,33.587208538,68.295544541,33.815796785','68.019918879,33.587208538 68.295544541,33.587208538 68.295544541,33.815796785 68.019918879,33.815796785 68.019918879,33.587208538',landscape,yes
11,Ghazni,1109,Jaghatu,'67.879996699,33.393283278,68.328242346,33.6680596','67.879996699,33.393283278 68.328242346,33.393283278 68.328242346,33.6680596 67.879996699,33.6680596 67.879996699,33.393283278',landscape,yes
11,Ghazni,1110,Qarabagh,'67.672232546,33.00217666,68.339746081,33.432517637','67.672232546,33.00217666 68.339746081,33.00217666 68.339746081,33.432517637 67.672232546,33.432517637 67.672232546,33.00217666',landscape,yes
11,Ghazni,1111,Giro,'68.118039726,32.846037607,68.585463967,33.253007306','68.118039726,32.846037607 68.585463967,32.846037607 68.585463967,33.253007306 68.118039726,33.253007306 68.118039726,32.846037607',landscape,yes
11,Ghazni,1112,Nawur,'67.25832049,33.331719398,68.282172696,34.22097114','67.25832049,33.331719398 68.282172696,33.331719398 68.282172696,34.22097114 67.25832049,34.22097114 67.25832049,33.331719398',landscape,yes
11,Ghazni,1113,Jaghuri,'67.084482778,32.888135497,67.75188854,33.428856086','67.084482778,32.888135497 67.75188854,32.888135497 67.75188854,33.428856086 67.084482778,33.428856086 67.084482778,32.888135497',landscape,yes
11,Ghazni,1114,Muqur,'67.614352433,32.733619438,67.961661061,33.12484799','67.614352433,32.733619438 67.961661061,32.733619438 67.961661061,33.12484799 67.614352433,33.12484799 67.614352433,32.733619438',portrait,yes
11,Ghazni,1115,Abband,'67.864349585,32.714866657,68.283442708,33.078066352','67.864349585,32.714866657 68.283442708,32.714866657 68.283442708,33.078066352 67.864349585,33.078066352 67.864349585,32.714866657',landscape,yes
11,Ghazni,1116,Ajrestan,'66.822124939,33.271368629,67.459478427,33.776360655','66.822124939,33.271368629 67.459478427,33.271368629 67.459478427,33.776360655 66.822124939,33.776360655 66.822124939,33.271368629',landscape,yes
11,Ghazni,1117,Malestan,'66.857307246,32.912695561,67.62181044,33.644232366','66.857307246,32.912695561 67.62181044,32.912695561 67.62181044,33.644232366 66.857307246,33.644232366 66.857307246,32.912695561',landscape,yes
11,Ghazni,1118,Gelan,'67.376102936,32.494665318,67.938192115,32.940740766','67.376102936,32.494665318 67.938192115,32.494665318 67.938192115,32.940740766 67.376102936,32.940740766 67.376102936,32.494665318',landscape,yes
11,Ghazni,1119,Nawa,'67.610597172,32.075746428,68.109599377,32.595971078','67.610597172,32.075746428 68.109599377,32.075746428 68.109599377,32.595971078 67.610597172,32.595971078 67.610597172,32.075746428',portrait,yes
12,Paktya,1201,Gardez,'69.026889043,33.457710939,69.492175545,33.76959546','69.026889043,33.457710939 69.492175545,33.457710939 69.492175545,33.76959546 69.026889043,33.76959546 69.026889043,33.457710939',landscape,yes
12,Paktya,1202,Sayedkaram,'69.352985193,33.551886095,69.602852857,33.881389883','69.352985193,33.551886095 69.602852857,33.551886095 69.602852857,33.881389883 69.352985193,33.881389883 69.352985193,33.551886095',portrait,yes
12,Paktya,1203,Ahmadaba,'69.180573144,33.62717532,69.506710875,33.909637028','69.180573144,33.62717532 69.506710875,33.62717532 69.506710875,33.909637028 69.180573144,33.909637028 69.180573144,33.62717532',landscape,yes
12,Paktya,1204,Zurmat,'68.766635678,33.151681588,69.293763681,33.624310008','68.766635678,33.151681588 69.293763681,33.151681588 69.293763681,33.624310008 68.766635678,33.624310008 68.766635678,33.151681588',landscape,yes
12,Paktya,1205,Shawak,'69.281360923,33.39060319,69.457924131,33.523688856','69.281360923,33.39060319 69.457924131,33.39060319 69.457924131,33.523688856 69.281360923,33.523688856 69.281360923,33.39060319',landscape,yes
12,Paktya,1206,Zadran,'69.22795264,33.239813893,69.588884151,33.522273848','69.22795264,33.239813893 69.588884151,33.239813893 69.588884151,33.522273848 69.22795264,33.522273848 69.22795264,33.239813893',landscape,yes
12,Paktya,1207,Lija Ahmad Khel,'69.502875775,33.669035969,69.769331487,33.953674552','69.502875775,33.669035969 69.769331487,33.669035969 69.769331487,33.953674552 69.502875775,33.953674552 69.502875775,33.669035969',portrait,yes
12,Paktya,1208,Alikhel (Jaji),'69.375458245,33.874063171,69.902680314,34.085610798','69.375458245,33.874063171 69.902680314,33.874063171 69.902680314,34.085610798 69.375458245,34.085610798 69.375458245,33.874063171',landscape,yes
12,Paktya,1209,Janikhel,'69.663052224,33.590782986,69.907539967,33.701278639','69.663052224,33.590782986 69.907539967,33.590782986 69.907539967,33.701278639 69.663052224,33.701278639 69.663052224,33.590782986',landscape,yes
12,Paktya,1210,Chamkani,'69.675502173,33.680634419,69.894367893,33.909404284','69.675502173,33.680634419 69.894367893,33.680634419 69.894367893,33.909404284 69.675502173,33.909404284 69.675502173,33.680634419',portrait,yes
12,Paktya,1211,Dand wa Patan,'69.819527303,33.674136242,70.011017106,33.924519631','69.819527303,33.674136242 70.011017106,33.674136242 70.011017106,33.924519631 69.819527303,33.924519631 69.819527303,33.674136242',portrait,yes
13,Kunar,1301,Asadabad,'71.062959686,34.780134048,71.205197784,34.947957938','71.062959686,34.780134048 71.205197784,34.780134048 71.205197784,34.947957938 71.062959686,34.947957938 71.062959686,34.780134048',portrait,yes
13,Kunar,1302,Watapur,'71.005037559,34.875120399,71.157733637,35.135955079','71.005037559,34.875120399 71.157733637,34.875120399 71.157733637,35.135955079 71.005037559,35.135955079 71.005037559,34.875120399',portrait,yes
13,Kunar,1303,Narang,'70.89748179,34.725703536,71.097746461,34.877420328','70.89748179,34.725703536 71.097746461,34.725703536 71.097746461,34.877420328 70.89748179,34.877420328 70.89748179,34.725703536',landscape,yes
13,Kunar,1304,Sarkani,'70.985569093,34.664080858,71.239669906,34.84603673','70.985569093,34.664080858 71.239669906,34.664080858 71.239669906,34.84603673 70.985569093,34.84603673 70.985569093,34.664080858',landscape,yes
13,Kunar,1305,Marawara,'71.132950659,34.786799824,71.296242896,34.933766393','71.132950659,34.786799824 71.296242896,34.786799824 71.296242896,34.933766393 71.132950659,34.933766393 71.132950659,34.786799824',landscape,yes
13,Kunar,1306,Shigal Wa sheltan,'71.109595817,34.877270629,71.381170333,35.215632468','71.109595817,34.877270629 71.381170333,34.877270629 71.381170333,35.215632468 71.109595817,35.215632468 71.109595817,34.877270629',portrait,yes
13,Kunar,1307,Dara-e-Pech,'70.785913537,34.813057317,71.045140523,35.092252884','70.785913537,34.813057317 71.045140523,34.813057317 71.045140523,35.092252884 70.785913537,35.092252884 70.785913537,34.813057317',portrait,yes
13,Kunar,1308,Chawkay,'70.754211191,34.621925296,70.990881242,34.831093309','70.754211191,34.621925296 70.990881242,34.621925296 70.990881242,34.831093309 70.754211191,34.831093309 70.754211191,34.621925296',landscape,yes
13,Kunar,1309,Khaskunar,'70.734290614,34.523800854,71.117594466,34.725891946','70.734290614,34.523800854 71.117594466,34.523800854 71.117594466,34.725891946 70.734290614,34.725891946 70.734290614,34.523800854',landscape,yes
13,Kunar,1310,Dangam,'71.313055372,34.9162218,71.566365668,35.088164118','71.313055372,34.9162218 71.566365668,34.9162218 71.566365668,35.088164118 71.313055372,35.088164118 71.313055372,34.9162218',landscape,yes
13,Kunar,1311,Barkunar,'71.284781255,34.984931353,71.500462429,35.13555464','71.284781255,34.984931353 71.500462429,34.984931353 71.500462429,35.13555464 71.284781255,35.13555464 71.284781255,34.984931353',landscape,yes
13,Kunar,1312,Ghaziabad,'71.174653115,35.094867197,71.471664734,35.366794424','71.174653115,35.094867197 71.471664734,35.094867197 71.471664734,35.366794424 71.174653115,35.366794424 71.174653115,35.094867197',landscape,yes
13,Kunar,1313,Chapadara,'70.575775357,34.782326419,70.824864901,35.142231066','70.575775357,34.782326419 70.824864901,34.782326419 70.824864901,35.142231066 70.575775357,35.142231066 70.575775357,34.782326419',portrait,yes
13,Kunar,1314,Nurgal,'70.645595105,34.58021335,70.826351447,34.81453843','70.645595105,34.58021335 70.826351447,34.58021335 70.826351447,34.81453843 70.645595105,34.81453843 70.645595105,34.58021335',portrait,yes
13,Kunar,1315,Nari,'71.428572774,35.071387254,71.680819013,35.482050907','71.428572774,35.071387254 71.680819013,35.071387254 71.680819013,35.482050907 71.428572774,35.482050907 71.428572774,35.071387254',portrait,yes
14,Nuristan,1401,Poruns,'70.460757061,35.213495623,71.090478842,35.648734796','70.460757061,35.213495623 71.090478842,35.213495623 71.090478842,35.648734796 70.460757061,35.648734796 70.460757061,35.213495623',landscape,yes
14,Nuristan,1402,Mandol,'69.913600718,35.083937229,70.561553276,35.716988647','69.913600718,35.083937229 70.561553276,35.083937229 70.561553276,35.716988647 69.913600718,35.716988647 69.913600718,35.083937229',landscape,yes
14,Nuristan,1403,Duab,'70.165916597,35.062067532,70.5286356,35.386323123','70.165916597,35.062067532 70.5286356,35.062067532 70.5286356,35.386323123 70.165916597,35.386323123 70.165916597,35.062067532',landscape,yes
14,Nuristan,1404,Nurgeram,'70.197860916,34.917254256,70.689256457,35.304654926','70.197860916,34.917254256 70.689256457,34.917254256 70.689256457,35.304654926 70.197860916,35.304654926 70.197860916,34.917254256',landscape,yes
14,Nuristan,1405,Wama,'70.653346112,35.087566369,70.938948273,35.29213018','70.653346112,35.087566369 70.938948273,35.087566369 70.938948273,35.29213018 70.653346112,35.29213018 70.653346112,35.087566369',landscape,yes
14,Nuristan,1406,Waygal,'70.795276449,35.058942992,71.199136336,35.425312377','70.795276449,35.058942992 71.199136336,35.058942992 71.199136336,35.425312377 70.795276449,35.425312377 70.795276449,35.058942992',landscape,yes
14,Nuristan,1407,Kamdesh,'71.040090998,35.308501042,71.621317298,35.641843533','71.040090998,35.308501042 71.621317298,35.308501042 71.621317298,35.641843533 71.040090998,35.641843533 71.040090998,35.308501042',landscape,yes
14,Nuristan,1408,Barg-e- Matal,'70.971519694,35.552404154,71.553344707,36.039225708','70.971519694,35.552404154 71.553344707,35.552404154 71.553344707,36.039225708 70.971519694,36.039225708 70.971519694,35.552404154',landscape,yes
15,Badakhshan,1501,Fayzabad,'70.460858501,37.048963559,70.762710919,37.369489981','70.460858501,37.048963559 70.762710919,37.048963559 70.762710919,37.369489981 70.460858501,37.369489981 70.460858501,37.048963559',portrait,yes
15,Badakhshan,1502,Yaftal-e-Sufla,'70.192794389,37.167130107,70.551934697,37.448853879','70.192794389,37.167130107 70.551934697,37.167130107 70.551934697,37.448853879 70.192794389,37.448853879 70.192794389,37.167130107',landscape,yes
15,Badakhshan,1503,Argo,'70.106796417,36.867458525,70.741240055,37.231218682','70.106796417,36.867458525 70.741240055,36.867458525 70.741240055,37.231218682 70.106796417,37.231218682 70.106796417,36.867458525',landscape,yes
15,Badakhshan,1504,Arghanjkhwa,'70.648672352,37.051447739,70.969683212,37.542920532','70.648672352,37.051447739 70.969683212,37.051447739 70.969683212,37.542920532 70.648672352,37.542920532 70.648672352,37.051447739',portrait,yes
15,Badakhshan,1505,Kohestan,'70.481492286,37.285872037,70.796755154,37.534087775','70.481492286,37.285872037 70.796755154,37.285872037 70.796755154,37.534087775 70.481492286,37.534087775 70.481492286,37.285872037',landscape,yes
15,Badakhshan,1506,Raghestan,'70.26054068,37.493377605,70.995369119,37.860098595','70.26054068,37.493377605 70.995369119,37.493377605 70.995369119,37.860098595 70.26054068,37.860098595 70.26054068,37.493377605',landscape,yes
15,Badakhshan,1507,Yawan,'70.179163607,37.403129724,70.578669377,37.630198956','70.179163607,37.403129724 70.578669377,37.403129724 70.578669377,37.630198956 70.179163607,37.630198956 70.179163607,37.403129724',landscape,yes
15,Badakhshan,1508,Shahr-e-Buzorg,'69.990315824,37.047069803,70.337969895,37.571641633','69.990315824,37.047069803 70.337969895,37.047069803 70.337969895,37.571641633 69.990315824,37.571641633 69.990315824,37.047069803',portrait,yes
15,Badakhshan,1509,Teshkan,'70.061742357,36.55780985,70.678525075,37.018529507','70.061742357,36.55780985 70.678525075,36.55780985 70.678525075,37.018529507 70.061742357,37.018529507 70.061742357,36.55780985',landscape,yes
15,Badakhshan,1510,Darayem,'70.222688529,36.732061749,70.671717496,37.03131023','70.222688529,36.732061749 70.671717496,36.732061749 70.671717496,37.03131023 70.222688529,37.03131023 70.222688529,36.732061749',landscape,yes
15,Badakhshan,1511,Khash,'70.650084624,36.813549287,70.803239048,37.071868256','70.650084624,36.813549287 70.803239048,36.813549287 70.803239048,37.071868256 70.650084624,37.071868256 70.650084624,36.813549287',portrait,yes
15,Badakhshan,1512,Baharak,'70.771533618,36.91148227,71.01765918,37.148817381','70.771533618,36.91148227 71.01765918,36.91148227 71.01765918,37.148817381 70.771533618,37.148817381 70.771533618,36.91148227',landscape,yes
15,Badakhshan,1513,Shuhada,'70.917309386,36.80710293,71.383263605,37.345036624','70.917309386,36.80710293 71.383263605,36.80710293 71.383263605,37.345036624 70.917309386,37.345036624 70.917309386,36.80710293',portrait,yes
15,Badakhshan,1514,Shighnan,'70.865581913,37.255407012,71.598297157,37.997859415','70.865581913,37.255407012 71.598297157,37.255407012 71.598297157,37.997859415 70.865581913,37.997859415 70.865581913,37.255407012',portrait,yes
15,Badakhshan,1515,Darwaz-e-Balla,'70.960569484,37.731312472,71.379486266,38.489373458','70.960569484,37.731312472 71.379486266,37.731312472 71.379486266,38.489373458 70.960569484,38.489373458 70.960569484,37.731312472',portrait,yes
15,Badakhshan,1516,Kofab,'70.320292767,37.751813815,71.02767234,38.103281427','70.320292767,37.751813815 71.02767234,37.751813815 71.02767234,38.103281427 70.320292767,38.103281427 70.320292767,37.751813815',landscape,yes
15,Badakhshan,1517,Khwahan,'70.171479004,37.696676796,70.625881007,37.999933987','70.171479004,37.696676796 70.625881007,37.696676796 70.625881007,37.999933987 70.171479004,37.999933987 70.171479004,37.696676796',landscape,yes
15,Badakhshan,1518,Keshem,'69.985540068,36.517852856,70.317356267,36.984863605','69.985540068,36.517852856 70.317356267,36.517852856 70.317356267,36.984863605 69.985540068,36.984863605 69.985540068,36.517852856',portrait,yes
15,Badakhshan,1519,Tagab,'70.079936674,36.290064737,70.60225812,36.706963893','70.079936674,36.290064737 70.60225812,36.290064737 70.60225812,36.706963893 70.079936674,36.706963893 70.079936674,36.290064737',landscape,yes
15,Badakhshan,1520,Yamgan,'70.472878971,36.185941638,71.133492636,36.679980576','70.472878971,36.185941638 71.133492636,36.185941638 71.133492636,36.679980576 70.472878971,36.679980576 70.472878971,36.185941638',landscape,yes
15,Badakhshan,1521,Jorm,'70.647774202,36.499434892,71.198734597,37.013743062','70.647774202,36.499434892 71.198734597,36.499434892 71.198734597,37.013743062 70.647774202,37.013743062 70.647774202,36.499434892',landscape,yes
15,Badakhshan,1522,Warduj,'70.996029705,36.551719278,71.415068202,36.984609387','70.996029705,36.551719278 71.415068202,36.551719278 71.415068202,36.984609387 70.996029705,36.984609387 70.996029705,36.551719278',portrait,yes
15,Badakhshan,1523,Eshkmesh,'71.303452057,36.469916141,71.655256016,37.28827164','71.303452057,36.469916141 71.655256016,36.469916141 71.655256016,37.28827164 71.303452057,37.28827164 71.303452057,36.469916141',portrait,yes
15,Badakhshan,1524,Darwaz,'70.709500847,37.968310187,71.131295375,38.490737468','70.709500847,37.968310187 71.131295375,37.968310187 71.131295375,38.490737468 70.709500847,38.490737468 70.709500847,37.968310187',portrait,yes
15,Badakhshan,1525,Shaki,'70.454690824,38.040704568,70.793095289,38.427661247','70.454690824,38.040704568 70.793095289,38.040704568 70.793095289,38.427661247 70.454690824,38.427661247 70.454690824,38.040704568',portrait,yes
15,Badakhshan,1526,Koran wa Monjan,'70.250509632,35.440611509,71.360559456,36.344488567','70.250509632,35.440611509 71.360559456,35.440611509 71.360559456,36.344488567 70.250509632,36.344488567 70.250509632,35.440611509',landscape,yes
15,Badakhshan,1527,Zebak,'71.046976933,36.203181762,71.640125899,36.689270104','71.046976933,36.203181762 71.640125899,36.203181762 71.640125899,36.689270104 71.046976933,36.689270104 71.046976933,36.203181762',landscape,yes
15,Badakhshan,1528,Wakhan,'71.581092862,36.399660307,74.889561791,37.475086638','71.581092862,36.399660307 74.889561791,36.399660307 74.889561791,37.475086638 71.581092862,37.475086638 71.581092862,36.399660307',landscape,yes
16,Takhar,1601,Taloqan,'69.304803273,36.587701149,69.838658915,36.898413261','69.304803273,36.587701149 69.838658915,36.587701149 69.838658915,36.898413261 69.304803273,36.898413261 69.304803273,36.587701149',landscape,yes
16,Takhar,1602,Hazarsumuch,'69.467753244,36.810043214,69.721315327,37.067724247','69.467753244,36.810043214 69.721315327,36.810043214 69.721315327,37.067724247 69.467753244,37.067724247 69.467753244,36.810043214',portrait,yes
16,Takhar,1603,Baharak,'69.294933144,36.737034091,69.508663612,36.917432539','69.294933144,36.737034091 69.508663612,36.737034091 69.508663612,36.917432539 69.294933144,36.917432539 69.294933144,36.737034091',landscape,yes
16,Takhar,1604,Bangi,'69.206322038,36.445745303,69.505512114,36.825122478','69.206322038,36.445745303 69.505512114,36.445745303 69.505512114,36.825122478 69.206322038,36.825122478 69.206322038,36.445745303',portrait,yes
16,Takhar,1605,Chal,'69.417420396,36.366440373,69.693848331,36.648889126','69.417420396,36.366440373 69.693848331,36.366440373 69.693848331,36.648889126 69.417420396,36.648889126 69.417420396,36.366440373',portrait,yes
16,Takhar,1606,Namakab,'69.557149108,36.22646157,69.812162659,36.652674211','69.557149108,36.22646157 69.812162659,36.22646157 69.812162659,36.652674211 69.557149108,36.652674211 69.557149108,36.22646157',portrait,yes
16,Takhar,1607,Farkhar,'69.730665933,36.267396951,70.233053161,36.698782253','69.730665933,36.267396951 70.233053161,36.267396951 70.233053161,36.698782253 69.730665933,36.698782253 69.730665933,36.267396951',landscape,yes
16,Takhar,1608,Kalafgan,'69.782294265,36.652987707,70.04370058,36.935048348','69.782294265,36.652987707 70.04370058,36.652987707 70.04370058,36.935048348 69.782294265,36.935048348 69.782294265,36.652987707',portrait,yes
16,Takhar,1609,Rostaq,'69.499580036,36.847030746,70.131817361,37.386460943','69.499580036,36.847030746 70.131817361,36.847030746 70.131817361,37.386460943 69.499580036,37.386460943 69.499580036,36.847030746',landscape,yes
16,Takhar,1610,Chahab,'69.703490364,37.272517771,70.046898253,37.62042765','69.703490364,37.272517771 70.046898253,37.272517771 70.046898253,37.62042765 69.703490364,37.62042765 69.703490364,37.272517771',portrait,yes
16,Takhar,1611,Yangi Qala,'69.552214299,37.37817592,69.777175664,37.576721393','69.552214299,37.37817592 69.777175664,37.37817592 69.777175664,37.576721393 69.552214299,37.576721393 69.552214299,37.37817592',landscape,yes
16,Takhar,1612,Khwajabahawuddin,'69.482914858,37.261482742,69.690601202,37.419659413','69.482914858,37.261482742 69.690601202,37.261482742 69.690601202,37.419659413 69.482914858,37.419659413 69.482914858,37.261482742',landscape,yes
16,Takhar,1613,Dasht-e- Qala,'69.394208271,37.066371328,69.63926522,37.324605534','69.394208271,37.066371328 69.63926522,37.066371328 69.63926522,37.324605534 69.394208271,37.324605534 69.394208271,37.066371328',portrait,yes
16,Takhar,1614,Khwajaghar,'69.30595053,36.88415085,69.500259581,37.167673638','69.30595053,36.88415085 69.500259581,36.88415085 69.500259581,37.167673638 69.30595053,37.167673638 69.30595053,36.88415085',portrait,yes
16,Takhar,1615,Eshkashem,'69.175788544,36.225639045,69.672757606,36.533139474','69.175788544,36.225639045 69.672757606,36.225639045 69.672757606,36.533139474 69.175788544,36.533139474 69.175788544,36.225639045',landscape,yes
16,Takhar,1616,Warsaj,'69.759131588,35.78638744,70.485351796,36.33071449','69.759131588,35.78638744 70.485351796,35.78638744 70.485351796,36.33071449 69.759131588,36.33071449 69.759131588,35.78638744',landscape,yes
16,Takhar,1617,Darqad,'69.373410702,37.294635809,69.703490364,37.591763545','69.373410702,37.294635809 69.703490364,37.294635809 69.703490364,37.591763545 69.373410702,37.591763545 69.373410702,37.294635809',landscape,yes
17,Kunduz,1701,Kunduz,'68.610850757,36.623887133,69.028740696,36.937642404','68.610850757,36.623887133 69.028740696,36.623887133 69.028740696,36.937642404 68.610850757,36.937642404 68.610850757,36.623887133',landscape,yes
17,Kunduz,1702,Emamsaheb,'68.56491557,36.873817757,69.241003557,37.334756899','68.56491557,36.873817757 69.241003557,36.873817757 69.241003557,37.334756899 68.56491557,37.334756899 68.56491557,36.873817757',landscape,yes
17,Kunduz,1703,Qala-e-Zal,'68.026019212,36.599278209,68.698366374,37.187010269','68.026019212,36.599278209 68.698366374,36.599278209 68.698366374,37.187010269 68.026019212,37.187010269 68.026019212,36.599278209',landscape,yes
17,Kunduz,1704,Chardarah,'68.169446491,36.520495506,68.860887517,36.859385142','68.169446491,36.520495506 68.860887517,36.520495506 68.860887517,36.859385142 68.169446491,36.859385142 68.169446491,36.520495506',landscape,yes
17,Kunduz,1705,Aliabad,'68.728307267,36.403750936,69.000231256,36.661720191','68.728307267,36.403750936 69.000231256,36.403750936 69.000231256,36.661720191 68.728307267,36.661720191 68.728307267,36.403750936',landscape,yes
17,Kunduz,1706,Khanabad,'68.946653213,36.323826736,69.257971329,36.876630879','68.946653213,36.323826736 69.257971329,36.323826736 69.257971329,36.876630879 68.946653213,36.876630879 68.946653213,36.323826736',portrait,yes
17,Kunduz,1707,Dasht-e-Archi,'68.98303446,36.794826848,69.348726978,37.120272165','68.98303446,36.794826848 69.348726978,36.794826848 69.348726978,37.120272165 68.98303446,37.120272165 68.98303446,36.794826848',landscape,yes
18,Balkh,1801,Mazar-e-Sharif,'67.083951284,36.683064238,67.154193627,36.736971154','67.083951284,36.683064238 67.154193627,36.683064238 67.154193627,36.736971154 67.083951284,36.736971154 67.083951284,36.683064238',landscape,yes
18,Balkh,1802,Nahr-e- Shahi,'66.998443769,36.557881533,67.375059216,37.090084894','66.998443769,36.557881533 67.375059216,36.557881533 67.375059216,37.090084894 66.998443769,37.090084894 66.998443769,36.557881533',portrait,yes
18,Balkh,1803,Shortepa,'66.251884977,37.067886629,67.384358005,37.398901887','66.251884977,37.067886629 67.384358005,37.067886629 67.384358005,37.398901887 66.251884977,37.398901887 66.251884977,37.067886629',landscape,yes
18,Balkh,1804,Dawlatabad,'66.438666848,36.896544863,67.157476272,37.207298163','66.438666848,36.896544863 67.157476272,36.896544863 67.157476272,37.207298163 66.438666848,37.207298163 66.438666848,36.896544863',landscape,yes
18,Balkh,1805,Balkh,'66.742668947,36.657128627,67.046143221,36.92927677','66.742668947,36.657128627 67.046143221,36.657128627 67.046143221,36.92927677 66.742668947,36.92927677 66.742668947,36.657128627',landscape,yes
18,Balkh,1806,Dehdadi,'66.908196349,36.533271126,67.127649872,36.767048335','66.908196349,36.533271126 67.127649872,36.533271126 67.127649872,36.767048335 66.908196349,36.767048335 66.908196349,36.533271126',portrait,yes
18,Balkh,1807,Charkent,'67.030655016,36.13525063,67.435539072,36.586136019','67.030655016,36.13525063 67.435539072,36.13525063 67.435539072,36.586136019 67.030655016,36.586136019 67.030655016,36.13525063',portrait,yes
18,Balkh,1808,Marmul,'67.178557578,36.491261138,67.51507703,36.762664736','67.178557578,36.491261138 67.51507703,36.491261138 67.51507703,36.762664736 67.178557578,36.762664736 67.178557578,36.491261138',landscape,yes
18,Balkh,1809,Khulm,'67.293986693,36.541583003,68.20250946,37.077618331','67.293986693,36.541583003 68.20250946,36.541583003 68.20250946,37.077618331 67.293986693,37.077618331 67.293986693,36.541583003',landscape,yes
18,Balkh,1810,Kaldar,'67.294178368,36.983896081,67.802893574,37.281622929','67.294178368,36.983896081 67.802893574,36.983896081 67.802893574,37.281622929 67.294178368,37.281622929 67.294178368,36.983896081',landscape,yes
18,Balkh,1811,Sharak-e-Hayratan,'67.264352753,37.14503705,67.451100881,37.233376522','67.264352753,37.14503705 67.451100881,37.14503705 67.451100881,37.233376522 67.264352753,37.233376522 67.264352753,37.14503705',landscape,yes
18,Balkh,1812,Charbulak,'66.461796022,36.687830861,66.81537348,36.993880486','66.461796022,36.687830861 66.81537348,36.687830861 66.81537348,36.993880486 66.461796022,36.993880486 66.461796022,36.687830861',landscape,yes
18,Balkh,1813,Chemtal,'66.300727341,36.265640485,66.971789729,36.774319259','66.300727341,36.265640485 66.971789729,36.265640485 66.971789729,36.774319259 66.300727341,36.774319259 66.300727341,36.265640485',landscape,yes
18,Balkh,1814,Sholgareh,'66.470285084,36.109009885,67.215502337,36.562619712','66.470285084,36.109009885 67.215502337,36.109009885 67.215502337,36.562619712 66.470285084,36.562619712 66.470285084,36.109009885',landscape,yes
18,Balkh,1815,Keshendeh,'66.597079688,35.691722669,67.180566698,36.218497096','66.597079688,35.691722669 67.180566698,35.691722669 67.180566698,36.218497096 66.597079688,36.218497096 66.597079688,35.691722669',landscape,yes
18,Balkh,1816,Zari,'66.51234618,35.674148966,66.906481744,36.056497137','66.51234618,35.674148966 66.906481744,35.674148966 66.906481744,36.056497137 66.51234618,36.056497137 66.51234618,35.674148966',landscape,yes
19,Samangan,1901,Aybak,'67.647682399,36.010641441,68.384111655,36.394492645','67.647682399,36.010641441 68.384111655,36.010641441 68.384111655,36.394492645 67.647682399,36.394492645 67.647682399,36.010641441',landscape,yes
19,Samangan,1902,Hazrat-e- Sultan,'67.378911437,36.128705853,68.2714538,36.597874103','67.378911437,36.128705853 68.2714538,36.128705853 68.2714538,36.597874103 67.378911437,36.597874103 67.378911437,36.128705853',landscape,yes
19,Samangan,1903,Feroznakhchir,'67.378722323,36.266774065,67.794929421,36.634774849','67.378722323,36.266774065 67.794929421,36.266774065 67.794929421,36.634774849 67.378722323,36.634774849 67.378722323,36.266774065',landscape,yes
19,Samangan,1904,Dara-e- Suf-e- Payin,'67.033057132,35.81381447,67.666247933,36.190733081','67.033057132,35.81381447 67.666247933,35.81381447 67.666247933,36.190733081 67.033057132,36.190733081 67.033057132,35.81381447',landscape,yes
19,Samangan,1905,Dara-e Suf-e-Bala,'66.868785325,35.345654541,67.788216087,36.01824413','66.868785325,35.345654541 67.788216087,35.345654541 67.788216087,36.01824413 66.868785325,36.01824413 66.868785325,35.345654541',landscape,yes
19,Samangan,1906,Khuram Wa Sarbagh,'67.653060604,35.704702768,68.532231215,36.257169005','67.653060604,35.704702768 68.532231215,35.704702768 68.532231215,36.257169005 67.653060604,36.257169005 67.653060604,35.704702768',landscape,yes
19,Samangan,1907,Ruy-e-Duab,'67.411693879,35.445154598,68.209976105,35.891334955','67.411693879,35.445154598 68.209976105,35.445154598 68.209976105,35.891334955 67.411693879,35.891334955 67.411693879,35.445154598',landscape,yes
20,Sar-e-Pul,2001,Sar-e-Pul,'65.71855701,35.909215321,66.428124944,36.559788482','65.71855701,35.909215321 66.428124944,35.909215321 66.428124944,36.559788482 65.71855701,36.559788482 65.71855701,35.909215321',landscape,yes
20,Sar-e-Pul,2002,Sayad,'65.479201639,35.942109532,65.961076981,36.385306521','65.479201639,35.942109532 65.961076981,35.942109532 65.961076981,36.385306521 65.479201639,36.385306521 65.479201639,35.942109532',landscape,yes
20,Sar-e-Pul,2003,Kohestanat,'65.383995261,34.856793527,66.443407082,35.974661855','65.383995261,34.856793527 66.443407082,34.856793527 66.443407082,35.974661855 65.383995261,35.974661855 65.383995261,34.856793527',portrait,yes
20,Sar-e-Pul,2004,Sozmaqala,'66.083958859,35.822349415,66.413622939,36.17837029','66.083958859,35.822349415 66.413622939,35.822349415 66.413622939,36.17837029 66.083958859,36.17837029 66.083958859,35.822349415',portrait,yes
20,Sar-e-Pul,2005,Gosfandi,'66.084147729,35.697978408,66.64294746,36.310326748','66.084147729,35.697978408 66.64294746,35.697978408 66.64294746,36.310326748 66.084147729,36.310326748 66.084147729,35.697978408',portrait,yes
20,Sar-e-Pul,2006,Balkhab,'66.105845014,35.168904512,67.031813236,35.717639435','66.105845014,35.168904512 67.031813236,35.168904512 67.031813236,35.717639435 66.105845014,35.717639435 66.105845014,35.168904512',landscape,yes
20,Sar-e-Pul,2007,Sancharak(sangchark),'66.096190006,35.626835325,66.531577863,36.10948786','66.096190006,35.626835325 66.531577863,35.626835325 66.531577863,36.10948786 66.096190006,36.10948786 66.096190006,35.626835325',portrait,yes
21,Ghor,2101,Chaghcharan,'64.442156973,34.125778465,66.143310403,35.280718543','64.442156973,34.125778465 66.143310403,34.125778465 66.143310403,35.280718543 64.442156973,35.280718543 64.442156973,34.125778465',landscape,yes
21,Ghor,2102,Charsadra,'64.702111166,34.949901898,65.494807392,35.262609428','64.702111166,34.949901898 65.494807392,34.949901898 65.494807392,35.262609428 64.702111166,35.262609428 64.702111166,34.949901898',landscape,yes
21,Ghor,2103,DoLayna,'64.559211559,33.751673218,65.617342421,34.497640013','64.559211559,33.751673218 65.617342421,33.751673218 65.617342421,34.497640013 64.559211559,34.497640013 64.559211559,33.751673218',landscape,yes
21,Ghor,2104,Dawlatyar,'65.485308369,34.338916256,65.987253829,34.858188964','65.485308369,34.338916256 65.987253829,34.338916256 65.987253829,34.858188964 65.485308369,34.858188964 65.485308369,34.338916256',portrait,yes
21,Ghor,2105,Shahrak,'63.970624952,33.654591032,64.70104996,34.529168018','63.970624952,33.654591032 64.70104996,33.654591032 64.70104996,34.529168018 63.970624952,34.529168018 63.970624952,33.654591032',portrait,yes
21,Ghor,2106,Taywarah,'63.89833686,33.126018847,64.825875769,33.822120963','63.89833686,33.126018847 64.825875769,33.126018847 64.825875769,33.822120963 63.89833686,33.822120963 63.89833686,33.126018847',landscape,yes
21,Ghor,2107,Pasaband,'64.58023565,33.199693779,65.658629748,33.954287288','64.58023565,33.199693779 65.658629748,33.199693779 65.658629748,33.954287288 64.58023565,33.954287288 64.58023565,33.199693779',landscape,yes
21,Ghor,2108,Lal Wa Sarjangal,'65.846464377,34.283479118,66.727916759,34.958671913','65.846464377,34.283479118 66.727916759,34.283479118 66.727916759,34.958671913 65.846464377,34.958671913 65.846464377,34.283479118',landscape,yes
21,Ghor,2109,Tolak,'63.360114778,33.669861422,64.042156948,34.284486168','63.360114778,33.669861422 64.042156948,33.669861422 64.042156948,34.284486168 63.360114778,34.284486168 63.360114778,33.669861422',landscape,yes
21,Ghor,2110,Saghar,'63.198642047,33.31476163,64.18287439,33.91961764','63.198642047,33.31476163 64.18287439,33.31476163 64.18287439,33.91961764 63.198642047,33.91961764 63.198642047,33.31476163',landscape,yes
22,Daykundi,2201,Nili,'65.870916578,33.629290186,66.258930205,33.908190119','65.870916578,33.629290186 66.258930205,33.629290186 66.258930205,33.908190119 65.870916578,33.908190119 65.870916578,33.629290186',landscape,yes
22,Daykundi,2202,Ashtarlay,'66.005145275,33.821291751,66.579800766,34.333390308','66.005145275,33.821291751 66.579800766,33.821291751 66.579800766,34.333390308 66.005145275,34.333390308 66.005145275,33.821291751',landscape,yes
22,Daykundi,2203,Khadir,'65.408720212,33.696183702,66.101091897,34.109625145','65.408720212,33.696183702 66.101091897,33.696183702 66.101091897,34.109625145 65.408720212,34.109625145 65.408720212,33.696183702',landscape,yes
22,Daykundi,2204,kiti,'65.615123375,33.301772136,65.960930586,33.768938181','65.615123375,33.301772136 65.960930586,33.301772136 65.960930586,33.768938181 65.615123375,33.768938181 65.615123375,33.301772136',portrait,yes
22,Daykundi,2205,Gizab,'65.797875643,33.034221776,66.943558988,33.718039618','65.797875643,33.034221776 66.943558988,33.034221776 66.943558988,33.718039618 65.797875643,33.718039618 65.797875643,33.034221776',landscape,yes
22,Daykundi,2206,Shahrestan,'66.162030431,33.46828492,66.846616029,33.964828514','66.162030431,33.46828492 66.846616029,33.46828492 66.846616029,33.964828514 66.162030431,33.964828514 66.162030431,33.46828492',landscape,yes
22,Daykundi,2207,Sang-e-Takht,'65.554059717,33.966343735,66.331988945,34.367803791','65.554059717,33.966343735 66.331988945,33.966343735 66.331988945,34.367803791 65.554059717,34.367803791 65.554059717,33.966343735',landscape,yes
22,Daykundi,2208,Kajran,'65.342681252,32.925863263,65.999941833,33.423882867','65.342681252,32.925863263 65.999941833,32.925863263 65.999941833,33.423882867 65.342681252,33.423882867 65.342681252,32.925863263',landscape,yes
22,Daykundi,2209,Miramor,'66.503292339,33.584309458,67.418179615,34.014955664','66.503292339,33.584309458 67.418179615,33.584309458 67.418179615,34.014955664 66.503292339,34.014955664 66.503292339,33.584309458',landscape,yes
23,Uruzgan,2301,Tirinkot,'65.633484398,32.445437099,66.198374839,32.996097877','65.633484398,32.445437099 66.198374839,32.445437099 66.198374839,32.996097877 65.633484398,32.996097877 65.633484398,32.445437099',landscape,yes
23,Uruzgan,2302,Chora,'65.934722263,32.44301103,66.566138801,33.333760402','65.934722263,32.44301103 66.566138801,32.44301103 66.566138801,33.333760402 65.934722263,33.333760402 65.934722263,32.44301103',portrait,yes
23,Uruzgan,2303,Shahid-e-Hassas,'65.172295589,32.646783629,65.836799644,33.154385407','65.172295589,32.646783629 65.836799644,32.646783629 65.836799644,33.154385407 65.172295589,33.154385407 65.172295589,32.646783629',landscape,yes
23,Uruzgan,2304,Dehrawud,'65.239199662,32.263881109,65.75797477,32.860575424','65.239199662,32.263881109 65.75797477,32.263881109 65.75797477,32.860575424 65.239199662,32.860575424 65.239199662,32.263881109',portrait,yes
23,Uruzgan,2305,Khasuruzgan,'66.307757766,32.658549222,67.02639346,33.31262179','66.307757766,32.658549222 67.02639346,32.658549222 67.02639346,33.31262179 66.307757766,33.31262179 66.307757766,32.658549222',landscape,yes
24,Zabul,2401,Qalat,'66.658970015,31.967206292,67.321236332,32.472276559','66.658970015,31.967206292 67.321236332,31.967206292 67.321236332,32.472276559 66.658970015,32.472276559 66.658970015,31.967206292',landscape,yes
24,Zabul,2402,Arghandab,'66.579422882,32.271973707,67.358179488,32.745325394','66.579422882,32.271973707 67.358179488,32.271973707 67.358179488,32.745325394 66.579422882,32.745325394 66.579422882,32.271973707',landscape,yes
24,Zabul,2403,Mizan,'66.296893298,31.97673621,66.723565956,32.375326334','66.296893298,31.97673621 66.723565956,31.97673621 66.723565956,32.375326334 66.296893298,32.375326334 66.296893298,31.97673621',landscape,yes
24,Zabul,2404,Tarnak Wa Jaldak,'66.184095267,31.690722068,66.847060929,32.159489669','66.184095267,31.690722068 66.847060929,31.690722068 66.847060929,32.159489669 66.184095267,32.159489669 66.184095267,31.690722068',landscape,yes
24,Zabul,2405,Shinkay,'66.633751109,31.714519355,67.570257561,32.172649785','66.633751109,31.714519355 67.570257561,31.714519355 67.570257561,32.172649785 66.633751109,32.172649785 66.633751109,31.714519355',landscape,yes
24,Zabul,2406,Shahjoy,'67.137940172,32.158845891,67.67211708,32.811711106','67.137940172,32.158845891 67.67211708,32.158845891 67.67211708,32.811711106 67.137940172,32.811711106 67.137940172,32.158845891',portrait,yes
24,Zabul,2407,Kakar,'66.928043096,32.698379572,67.450579853,33.074934328','66.928043096,32.698379572 67.450579853,32.698379572 67.450579853,33.074934328 66.928043096,33.074934328 66.928043096,32.698379572',landscape,yes
24,Zabul,2408,Daychopan,'66.324520214,32.370328548,67.022855865,32.840264718','66.324520214,32.370328548 67.022855865,32.370328548 67.022855865,32.840264718 66.324520214,32.840264718 66.324520214,32.370328548',landscape,yes
24,Zabul,2409,Atghar,'67.173396493,31.624773059,67.574271181,31.825556214','67.173396493,31.624773059 67.574271181,31.624773059 67.574271181,31.825556214 67.173396493,31.825556214 67.173396493,31.624773059',landscape,yes
24,Zabul,2410,Shomulzay,'67.404487373,31.497603646,68.114118682,32.142834422','67.404487373,31.497603646 68.114118682,31.497603646 68.114118682,32.142834422 67.404487373,32.142834422 67.404487373,31.497603646',landscape,yes
24,Zabul,2411,Nawbahar,'67.353711535,31.922090969,67.790004693,32.505012204','67.353711535,31.922090969 67.790004693,31.922090969 67.790004693,32.505012204 67.353711535,32.505012204 67.353711535,31.922090969',portrait,yes
25,Paktika,2501,Sharan,'68.491036702,33.100749397,68.901423077,33.38236027','68.491036702,33.100749397 68.901423077,33.100749397 68.901423077,33.38236027 68.491036702,33.38236027 68.491036702,33.100749397',landscape,yes
25,Paktika,2502,Matakhan,'68.754359813,33.157075884,68.987107238,33.419776993','68.754359813,33.157075884 68.987107238,33.157075884 68.987107238,33.419776993 68.754359813,33.419776993 68.754359813,33.157075884',portrait,yes
25,Paktika,2503,Yosufkhel,'68.414768276,32.945974044,68.910339808,33.118186773','68.414768276,32.945974044 68.910339808,32.945974044 68.910339808,33.118186773 68.414768276,33.118186773 68.414768276,32.945974044',landscape,yes
25,Paktika,2504,Sarrawzah(Sarhawzah),'68.890132689,32.875285837,69.202042815,33.241628339','68.890132689,32.875285837 69.202042815,32.875285837 69.202042815,33.241628339 68.890132689,33.241628339 68.890132689,32.875285837',portrait,yes
25,Paktika,2505,Zarghunshahr,'68.284047799,32.742517754,68.662638098,32.99065837','68.284047799,32.742517754 68.662638098,32.742517754 68.662638098,32.99065837 68.284047799,32.99065837 68.284047799,32.742517754',landscape,yes
25,Paktika,2506,Yahyakhel,'68.543227738,32.796623046,68.789938628,33.01897485','68.543227738,32.796623046 68.789938628,32.796623046 68.789938628,33.01897485 68.543227738,33.01897485 68.543227738,32.796623046',landscape,yes
25,Paktika,2507,Omna,'68.642810593,32.734911912,68.951672773,33.035796732','68.642810593,32.734911912 68.951672773,32.734911912 68.951672773,33.035796732 68.642810593,33.035796732 68.642810593,32.734911912',landscape,yes
25,Paktika,2508,Gomal,'68.484845729,31.911323105,69.333526854,32.887707857','68.484845729,31.911323105 69.333526854,31.911323105 69.333526854,32.887707857 68.484845729,32.887707857 68.484845729,31.911323105',portrait,yes
25,Paktika,2509,Sarobi,'68.961848527,32.617836262,69.185772275,32.875285837','68.961848527,32.617836262 69.185772275,32.617836262 69.185772275,32.875285837 68.961848527,32.875285837 68.961848527,32.617836262',portrait,yes
25,Paktika,2510,Urgun,'68.995199803,32.838528106,69.3536692,33.147619289','68.995199803,32.838528106 69.3536692,32.838528106 69.3536692,33.147619289 68.995199803,33.147619289 68.995199803,32.838528106',landscape,yes
25,Paktika,2511,Naka,'69.179721313,33.137322845,69.315490184,33.288576963','69.179721313,33.137322845 69.315490184,33.137322845 69.315490184,33.288576963 69.179721313,33.288576963 69.179721313,33.137322845',portrait,yes
25,Paktika,2512,Janikhel,'68.232626699,32.459406457,68.727060314,32.846477324','68.232626699,32.459406457 68.727060314,32.459406457 68.727060314,32.846477324 68.232626699,32.846477324 68.232626699,32.459406457',landscape,yes
25,Paktika,2513,Wazakhah,'68.064310765,31.976843894,68.588153817,32.581535966','68.064310765,31.976843894 68.588153817,31.976843894 68.588153817,32.581535966 68.064310765,32.581535966 68.064310765,31.976843894',portrait,yes
25,Paktika,2514,Wormamay,'68.438085121,31.593276459,69.285076472,32.276765947','68.438085121,31.593276459 69.285076472,31.593276459 69.285076472,32.276765947 68.438085121,32.276765947 68.438085121,31.593276459',landscape,yes
25,Paktika,2515,Bermel,'69.052982819,32.461391033,69.547584724,32.947395984','69.052982819,32.461391033 69.547584724,32.461391033 69.547584724,32.947395984 69.052982819,32.947395984 69.052982819,32.461391033',landscape,yes
25,Paktika,2516,Gyan,'69.305383927,32.890469939,69.497059479,33.055315584','69.305383927,32.890469939 69.497059479,32.890469939 69.497059479,33.055315584 69.305383927,33.055315584 69.305383927,32.890469939',landscape,yes
25,Paktika,2517,Ziruk,'69.213425907,33.065552848,69.413105022,33.270374524','69.213425907,33.065552848 69.413105022,33.065552848 69.413105022,33.270374524 69.213425907,33.270374524 69.213425907,33.065552848',portrait,yes
25,Paktika,2518,Dila,'67.811632397,32.266158709,68.384514342,32.81788316','67.811632397,32.266158709 68.384514342,32.266158709 68.384514342,32.81788316 67.811632397,32.81788316 67.811632397,32.266158709',landscape,yes
25,Paktika,2519,Turwo (Tarwe),'68.011075959,31.712415929,68.59045424,32.100336658','68.011075959,31.712415929 68.59045424,31.712415929 68.59045424,32.100336658 68.011075959,32.100336658 68.011075959,31.712415929',landscape,yes
26,Khost,2601,Khost(Matun),'69.784399561,33.2041526,70.180154045,33.453502557','69.784399561,33.2041526 70.180154045,33.2041526 70.180154045,33.453502557 69.784399561,33.453502557 69.784399561,33.2041526',landscape,yes
26,Khost,2602,Sabari,'69.764326753,33.422721229,70.0678421,33.689190007','69.764326753,33.422721229 70.0678421,33.422721229 70.0678421,33.689190007 69.764326753,33.689190007 69.764326753,33.422721229',landscape,yes
26,Khost,2603,Musakhel,'69.484014662,33.418461221,69.884404452,33.691890646','69.484014662,33.418461221 69.884404452,33.418461221 69.884404452,33.691890646 69.484014662,33.691890646 69.484014662,33.418461221',landscape,yes
26,Khost,2604,Nadirshahkot,'69.553842095,33.262427859,69.846818501,33.460651689','69.553842095,33.262427859 69.846818501,33.262427859 69.846818501,33.460651689 69.553842095,33.460651689 69.553842095,33.262427859',landscape,yes
26,Khost,2605,Mandozayi,'69.694109252,33.274908716,69.871057801,33.359684012','69.694109252,33.274908716 69.871057801,33.274908716 69.871057801,33.359684012 69.694109252,33.359684012 69.694109252,33.274908716',landscape,yes
26,Khost,2606,Tani,'69.575582021,33.089403897,69.891388269,33.301046496','69.575582021,33.089403897 69.891388269,33.089403897 69.891388269,33.301046496 69.575582021,33.301046496 69.575582021,33.089403897',landscape,yes
26,Khost,2607,Gurbuz,'69.81814381,33.093208418,70.088138294,33.310575972','69.81814381,33.093208418 70.088138294,33.093208418 70.088138294,33.310575972 69.81814381,33.310575972 69.81814381,33.093208418',landscape,yes
26,Khost,2608,Terezayi,'70.011942083,33.236113741,70.328549388,33.485912575','70.011942083,33.236113741 70.328549388,33.236113741 70.328549388,33.485912575 70.011942083,33.485912575 70.011942083,33.236113741',landscape,yes
26,Khost,2609,Qalandar,'69.566457535,33.439597416,69.799251859,33.560857161','69.566457535,33.439597416 69.799251859,33.439597416 69.799251859,33.560857161 69.566457535,33.560857161 69.566457535,33.439597416',landscape,yes
26,Khost,2610,Shamal,'69.435495904,33.242617354,69.620073402,33.408248595','69.435495904,33.242617354 69.620073402,33.242617354 69.620073402,33.408248595 69.435495904,33.408248595 69.435495904,33.242617354',landscape,yes
26,Khost,2611,Spera,'69.351371031,33.011850043,69.654537619,33.286436031','69.351371031,33.011850043 69.654537619,33.011850043 69.654537619,33.286436031 69.351371031,33.286436031 69.351371031,33.011850043',landscape,yes
26,Khost,2612,Bak,'69.965921897,33.461488109,70.208765046,33.625160084','69.965921897,33.461488109 70.208765046,33.461488109 70.208765046,33.625160084 69.965921897,33.625160084 69.965921897,33.461488109',landscape,yes
26,Khost,2613,Jajimaydan,'69.94994815,33.538510898,70.200390618,33.737635721','69.94994815,33.538510898 70.200390618,33.538510898 70.200390618,33.737635721 69.94994815,33.737635721 69.94994815,33.538510898',landscape,yes
27,Jawzjan,2701,Shiberghan,'65.392818478,36.319238786,66.112517943,36.867993536','65.392818478,36.319238786 66.112517943,36.319238786 66.112517943,36.867993536 65.392818478,36.867993536 65.392818478,36.319238786',landscape,yes
27,Jawzjan,2702,Mingajik,'65.810252587,36.867993536,66.250569355,37.256058308','65.810252587,36.867993536 66.250569355,36.867993536 66.250569355,37.256058308 65.810252587,37.256058308 65.810252587,36.867993536',landscape,yes
27,Jawzjan,2703,Khwajadukoh,'65.335718579,36.68700196,65.968026431,37.237358862','65.335718579,36.68700196 65.968026431,36.68700196 65.968026431,37.237358862 65.335718579,37.237358862 65.335718579,36.68700196',landscape,yes
27,Jawzjan,2704,Qushtepa,'65.179714552,36.028601339,65.538157789,36.386529519','65.179714552,36.028601339 65.538157789,36.028601339 65.538157789,36.386529519 65.179714552,36.386529519 65.179714552,36.028601339',landscape,yes
27,Jawzjan,2705,Fayzabad,'66.021313687,36.491822403,66.575139277,36.965751163','66.021313687,36.491822403 66.575139277,36.491822403 66.575139277,36.965751163 66.021313687,36.965751163 66.021313687,36.491822403',landscape,yes
27,Jawzjan,2706,Khanaqa,'65.968026431,36.668803214,66.298151198,36.90797077','65.968026431,36.668803214 66.298151198,36.668803214 66.298151198,36.90797077 65.968026431,36.90797077 65.968026431,36.668803214',landscape,yes
27,Jawzjan,2707,Aqcha,'66.111369744,36.818674254,66.311089947,36.993534437','66.111369744,36.818674254 66.311089947,36.818674254 66.311089947,36.993534437 66.111369744,36.993534437 66.111369744,36.818674254',landscape,yes
27,Jawzjan,2708,Mardyan,'66.138392007,36.850881286,66.511476655,37.197544335','66.138392007,36.850881286 66.511476655,36.850881286 66.511476655,37.197544335 66.138392007,37.197544335 66.138392007,36.850881286',landscape,yes
27,Jawzjan,2709,Qarqin,'65.83964161,37.113943209,66.440829853,37.487201608','65.83964161,37.113943209 66.440829853,37.113943209 66.440829853,37.487201608 65.83964161,37.487201608 65.83964161,37.113943209',landscape,yes
27,Jawzjan,2710,Khamyab,'65.483270492,37.114789943,65.864095202,37.550961537','65.483270492,37.114789943 65.864095202,37.114789943 65.864095202,37.550961537 65.483270492,37.550961537 65.483270492,37.114789943',portrait,yes
27,Jawzjan,2711,Darzab,'65.171361062,35.908192963,65.568064647,36.118242122','65.171361062,35.908192963 65.568064647,35.908192963 65.568064647,36.118242122 65.171361062,36.118242122 65.171361062,35.908192963',landscape,yes
28,Faryab,2801,Maymana,'64.703322752,35.863175764,64.885367539,35.999323458','64.703322752,35.863175764 64.885367539,35.863175764 64.885367539,35.999323458 64.703322752,35.999323458 64.703322752,35.863175764',landscape,yes
28,Faryab,2802,Khwajasabzposh,'64.784088066,35.94860642,65.189901941,36.17393907','64.784088066,35.94860642 65.189901941,35.94860642 65.189901941,36.17393907 64.784088066,36.17393907 64.784088066,35.94860642',landscape,yes
28,Faryab,2803,Pashtunkot,'64.384855571,35.423015992,65.152021611,36.197743156','64.384855571,35.423015992 65.152021611,35.423015992 65.152021611,36.197743156 64.384855571,36.197743156 64.384855571,35.423015992',portrait,yes
28,Faryab,2804,Shirintagab,'64.277524148,36.077603072,65.271460188,36.472519974','64.277524148,36.077603072 65.271460188,36.077603072 65.271460188,36.472519974 64.277524148,36.472519974 64.277524148,36.077603072',landscape,yes
28,Faryab,2805,Almar,'63.936935119,35.736838034,64.595360945,36.167283507','63.936935119,35.736838034 64.595360945,35.736838034 64.595360945,36.167283507 63.936935119,36.167283507 63.936935119,35.736838034',landscape,yes
28,Faryab,2806,Qaysar,'63.88495537,35.396129765,64.699323691,35.924826722','63.88495537,35.396129765 64.699323691,35.396129765 64.699323691,35.924826722 63.88495537,35.924826722 63.88495537,35.396129765',landscape,yes
28,Faryab,2807,Kohestan,'64.399356304,35.163296599,65.461363465,35.516196929','64.399356304,35.163296599 65.461363465,35.163296599 65.461363465,35.516196929 64.399356304,35.516196929 64.399356304,35.163296599',landscape,yes
28,Faryab,2808,Garziwan,'64.950811063,35.410942403,65.693425006,35.847894579','64.950811063,35.410942403 65.693425006,35.410942403 65.693425006,35.847894579 64.950811063,35.847894579 64.950811063,35.410942403',landscape,yes
28,Faryab,2809,Bilcheragh,'65.098404032,35.742371509,65.812051534,36.048765003','65.098404032,35.742371509 65.812051534,35.742371509 65.812051534,36.048765003 65.098404032,36.048765003 65.098404032,35.742371509',landscape,yes
28,Faryab,2810,Dawlatabad,'64.588017743,36.320901002,65.485960304,36.742095973','64.588017743,36.320901002 65.485960304,36.320901002 65.485960304,36.742095973 64.588017743,36.742095973 64.588017743,36.320901002',landscape,yes
28,Faryab,2811,Andkhoy,'65.090843523,36.724249033,65.450474813,36.974796483','65.090843523,36.724249033 65.450474813,36.724249033 65.450474813,36.974796483 65.090843523,36.974796483 65.090843523,36.724249033',landscape,yes
28,Faryab,2812,Qaramqol,'64.618489415,36.634930725,65.369456345,36.958784207','64.618489415,36.634930725 65.369456345,36.634930725 65.369456345,36.958784207 64.618489415,36.958784207 64.618489415,36.634930725',landscape,yes
28,Faryab,2813,Khan-e-Char Bagh,'65.00147914,36.915340499,65.483270492,37.251235559','65.00147914,36.915340499 65.483270492,36.915340499 65.483270492,37.251235559 65.00147914,37.251235559 65.00147914,36.915340499',landscape,yes
28,Faryab,2814,Qorghan,'64.755584713,36.879548303,65.130524315,37.220872769','64.755584713,36.879548303 65.130524315,36.879548303 65.130524315,37.220872769 64.755584713,37.220872769 64.755584713,36.879548303',landscape,yes
29,Badghis,2901,Qala-e-Naw,'62.997991065,34.621318961,63.232610285,35.069774552','62.997991065,34.621318961 63.232610285,34.621318961 63.232610285,35.069774552 62.997991065,35.069774552 62.997991065,34.621318961',portrait,yes
29,Badghis,2902,Muqur,'62.73081646,34.875784239,63.450422288,35.418716204','62.73081646,34.875784239 63.450422288,34.875784239 63.450422288,35.418716204 62.73081646,35.418716204 62.73081646,34.875784239',landscape,yes
29,Badghis,2903,Abkamari,'62.666827831,34.564350728,63.112729673,35.20593433','62.666827831,34.564350728 63.112729673,34.564350728 63.112729673,35.20593433 62.666827831,35.20593433 62.666827831,34.564350728',portrait,yes
29,Badghis,2904,Qadis,'63.189784802,34.512350988,64.089087638,35.259691374','63.189784802,34.512350988 64.089087638,34.512350988 64.089087638,35.259691374 63.189784802,35.259691374 63.189784802,34.512350988',landscape,yes
29,Badghis,2905,Jawand,'63.661317879,34.606709835,65.055224615,35.495270683','63.661317879,34.606709835 65.055224615,34.606709835 65.055224615,35.495270683 63.661317879,35.495270683 63.661317879,34.606709835',landscape,yes
29,Badghis,2906,Balamurghab,'63.028918535,35.116698633,64.08581662,35.899348963','63.028918535,35.116698633 64.08581662,35.116698633 64.08581662,35.899348963 63.028918535,35.899348963 63.028918535,35.116698633',landscape,yes
29,Badghis,2907,Ghormach,'63.512901179,35.371041912,64.010930392,36.0280363','63.512901179,35.371041912 64.010930392,35.371041912 64.010930392,36.0280363 63.512901179,36.0280363 63.512901179,35.371041912',portrait,yes
30,Hirat,3001,Herat,'62.1187974,34.324224592,62.24019006,34.425882422','62.1187974,34.324224592 62.24019006,34.324224592 62.24019006,34.425882422 62.1187974,34.425882422 62.1187974,34.324224592',landscape,yes
30,Hirat,3002,Injil,'61.929597799,34.252440161,62.430553426,34.72043509','61.929597799,34.252440161 62.430553426,34.252440161 62.430553426,34.72043509 61.929597799,34.72043509 61.929597799,34.252440161',landscape,yes
30,Hirat,3003,Kushk,'61.952664556,34.671305519,62.548751881,35.443050585','61.952664556,34.671305519 62.548751881,34.671305519 62.548751881,35.443050585 61.952664556,35.443050585 61.952664556,34.671305519',portrait,yes
30,Hirat,3004,Zindajan,'61.547321779,33.964703167,62.105125384,34.768533622','61.547321779,33.964703167 62.105125384,33.964703167 62.105125384,34.768533622 61.547321779,34.768533622 61.547321779,33.964703167',portrait,yes
30,Hirat,3005,Guzara,'61.435210076,33.798514186,62.498213019,34.302629436','61.435210076,33.798514186 62.498213019,33.798514186 62.498213019,34.302629436 61.435210076,34.302629436 61.435210076,33.798514186',landscape,yes
30,Hirat,3006,Pashtunzarghun,'62.430042793,33.974052545,63.1201691,34.414185565','62.430042793,33.974052545 63.1201691,33.974052545 63.1201691,34.414185565 62.430042793,34.414185565 62.430042793,33.974052545',landscape,yes
30,Hirat,3007,Karukh,'62.286322789,34.277446353,63.200328979,34.686644865','62.286322789,34.277446353 63.200328979,34.277446353 63.200328979,34.686644865 62.286322789,34.686644865 62.286322789,34.277446353',landscape,yes
30,Hirat,3008,Gulran,'61.057343669,34.645319856,62.064939305,35.625492852','61.057343669,34.645319856 62.064939305,34.645319856 62.064939305,35.625492852 61.057343669,35.625492852 61.057343669,34.645319856',landscape,yes
30,Hirat,3009,Ghoryan,'60.47197726,33.749255854,61.778026272,34.880539499','60.47197726,33.749255854 61.778026272,33.749255854 61.778026272,34.880539499 60.47197726,34.880539499 60.47197726,33.749255854',landscape,yes
30,Hirat,3010,Adraskan,'60.544663969,33.345377964,63.116747779,34.069696671','60.544663969,33.345377964 63.116747779,33.345377964 63.116747779,34.069696671 60.544663969,34.069696671 60.544663969,33.345377964',landscape,yes
30,Hirat,3011,Farsi,'63.0007592,33.566516976,63.579840557,34.150966241','63.0007592,33.566516976 63.579840557,33.566516976 63.579840557,34.150966241 63.0007592,34.150966241 63.0007592,33.566516976',portrait,yes
30,Hirat,3012,Obe,'62.856989223,34.041361296,63.636385763,34.643934053','62.856989223,34.041361296 63.636385763,34.041361296 63.636385763,34.643934053 62.856989223,34.643934053 62.856989223,34.041361296',landscape,yes
30,Hirat,3013,Kushk-e-Kohna,'62.413415624,34.594554335,62.870329218,35.278935771','62.413415624,34.594554335 62.870329218,34.594554335 62.870329218,35.278935771 62.413415624,35.278935771 62.413415624,34.594554335',portrait,yes
30,Hirat,3014,Kohsan,'60.739495912,34.305231104,61.604763742,34.92575827','60.739495912,34.305231104 61.604763742,34.305231104 61.604763742,34.92575827 60.739495912,34.92575827 60.739495912,34.305231104',landscape,yes
30,Hirat,3015,Shindand,'61.576456185,32.849678029,63.304603694,33.624622757','61.576456185,32.849678029 63.304603694,32.849678029 63.304603694,33.624622757 61.576456185,33.624622757 61.576456185,32.849678029',landscape,yes
30,Hirat,3016,Chisht-e-Sharif,'63.450446394,34.217892523,64.478286386,34.695636437','63.450446394,34.217892523 64.478286386,34.217892523 64.478286386,34.695636437 63.450446394,34.695636437 63.450446394,34.217892523',landscape,yes
31,Farah,3101,Farah,'61.698230599,31.962361689,62.746557764,32.626001957','61.698230599,31.962361689 62.746557764,31.962361689 62.746557764,32.626001957 61.698230599,32.626001957 61.698230599,31.962361689',landscape,yes
31,Farah,3102,Bakwa,'62.541551126,31.92548872,63.221857983,32.482221482','62.541551126,31.92548872 63.221857983,31.92548872 63.221857983,32.482221482 62.541551126,32.482221482 62.541551126,31.92548872',landscape,yes
31,Farah,3103,Balabuluk,'62.248746931,32.374969558,63.39119376,33.158585775','62.248746931,32.374969558 63.39119376,32.374969558 63.39119376,33.158585775 62.248746931,33.158585775 62.248746931,32.374969558',landscape,yes
31,Farah,3104,Khak-e-Safed,'61.7882067,32.485904107,62.376173412,32.996766913','61.7882067,32.485904107 62.376173412,32.485904107 62.376173412,32.996766913 61.7882067,32.996766913 61.7882067,32.485904107',landscape,yes
31,Farah,3105,Pushtrod,'61.873500196,32.388098734,62.281862599,32.578266595','61.873500196,32.388098734 62.281862599,32.388098734 62.281862599,32.578266595 61.873500196,32.578266595 61.873500196,32.388098734',landscape,yes
31,Farah,3106,Qala-e-Kah,'60.784567602,32.190727704,61.915166133,32.624801355','60.784567602,32.190727704 61.915166133,32.190727704 61.915166133,32.624801355 60.784567602,32.624801355 60.784567602,32.190727704',landscape,yes
31,Farah,3107,Shibkoh,'60.823020639,31.955679003,61.956972667,32.311469939','60.823020639,31.955679003 61.956972667,31.955679003 61.956972667,32.311469939 60.823020639,32.311469939 60.823020639,31.955679003',landscape,yes
31,Farah,3108,Lash-e-Juwayn,'60.815917245,31.388829854,61.994321368,31.973250532','60.815917245,31.388829854 61.994321368,31.388829854 61.994321368,31.973250532 60.815917245,31.973250532 60.815917245,31.388829854',landscape,yes
31,Farah,3109,Gulestan,'62.986168621,32.198279444,64.3058411,33.079817538','62.986168621,32.198279444 64.3058411,32.198279444 64.3058411,33.079817538 62.986168621,33.079817538 62.986168621,32.198279444',landscape,yes
31,Farah,3110,Purchaman,'63.042963276,32.730840187,64.730058559,33.521015175','63.042963276,32.730840187 64.730058559,32.730840187 64.730058559,33.521015175 63.042963276,33.521015175 63.042963276,32.730840187',landscape,yes
31,Farah,3111,Anardara,'60.581705134,32.511576299,61.910983203,33.516227076','60.581705134,32.511576299 61.910983203,32.511576299 61.910983203,33.516227076 60.581705134,33.516227076 60.581705134,32.511576299',landscape,yes
32,Hilmand,3201,Lashkargah,'64.238654036,31.223777974,64.731280755,31.766276657','64.238654036,31.223777974 64.731280755,31.223777974 64.731280755,31.766276657 64.238654036,31.766276657 64.238654036,31.223777974',portrait,yes
32,Hilmand,3202,Nahr-e-Saraj,'64.324540239,31.650470593,64.829464165,32.129778403','64.324540239,31.650470593 64.829464165,31.650470593 64.829464165,32.129778403 64.324540239,32.129778403 64.324540239,31.650470593',landscape,yes
32,Hilmand,3203,Nad-e-Ali,'63.289881229,31.218382459,64.367571161,31.87034137','63.289881229,31.218382459 64.367571161,31.218382459 64.367571161,31.87034137 63.289881229,31.87034137 63.289881229,31.218382459',landscape,yes
32,Hilmand,3204,Nawa-e-Barakzaiy,'64.043904926,31.162682243,64.384187077,31.561345057','64.043904926,31.162682243 64.384187077,31.162682243 64.384187077,31.561345057 64.043904926,31.561345057 64.043904926,31.162682243',portrait,yes
32,Hilmand,3205,Sangin,'64.810095371,31.915062126,65.157531588,32.256243501','64.810095371,31.915062126 65.157531588,31.915062126 65.157531588,32.256243501 64.810095371,32.256243501 64.810095371,31.915062126',landscape,yes
32,Hilmand,3206,Musaqalah,'64.542344525,32.067819073,64.926414618,32.79774995','64.542344525,32.067819073 64.926414618,32.067819073 64.926414618,32.79774995 64.542344525,32.79774995 64.542344525,32.067819073',portrait,yes
32,Hilmand,3207,Nawzad,'63.984210815,31.929481553,64.789631203,33.13493578','63.984210815,31.929481553 64.789631203,31.929481553 64.789631203,33.13493578 63.984210815,33.13493578 63.984210815,31.929481553',portrait,yes
32,Hilmand,3208,Washer,'63.362534883,31.844627604,64.463449139,32.52677207','63.362534883,31.844627604 64.463449139,31.844627604 64.463449139,32.52677207 63.362534883,32.52677207 63.362534883,31.844627604',landscape,yes
32,Hilmand,3209,Garmser,'63.568896019,29.377060082,64.729473041,31.244702008','63.568896019,29.377060082 64.729473041,29.377060082 64.729473041,31.244702008 63.568896019,31.244702008 63.568896019,29.377060082',portrait,yes
32,Hilmand,3210,Kajaki,'64.770877856,32.154569775,65.303920091,32.980066248','64.770877856,32.154569775 65.303920091,32.154569775 65.303920091,32.980066248 64.770877856,32.980066248 64.770877856,32.154569775',portrait,yes
32,Hilmand,3211,Baghran,'64.693854563,32.550355295,65.684901637,33.676419107','64.693854563,32.550355295 65.684901637,32.550355295 65.684901637,33.676419107 64.693854563,33.676419107 64.693854563,32.550355295',portrait,yes
32,Hilmand,3212,Reg,'62.849762522,30.230610271,64.047172767,31.287648451','62.849762522,30.230610271 64.047172767,30.230610271 64.047172767,31.287648451 62.849762522,31.287648451 62.849762522,30.230610271',landscape,yes
32,Hilmand,3213,Deh-e-shu,'62.553283314,29.389190169,63.699869688,30.564782497','62.553283314,29.389190169 63.699869688,29.389190169 63.699869688,30.564782497 62.553283314,30.564782497 62.553283314,29.389190169',portrait,yes
33,Kandahar,3301,Kandahar,'65.510559791,31.370974397,65.882173255,31.663411285','65.510559791,31.370974397 65.882173255,31.370974397 65.882173255,31.663411285 65.510559791,31.663411285 65.510559791,31.370974397',landscape,yes
33,Kandahar,3302,Arghandab,'65.52276394,31.610321709,65.788280296,31.919888908','65.52276394,31.610321709 65.788280296,31.610321709 65.788280296,31.919888908 65.52276394,31.919888908 65.52276394,31.610321709',portrait,yes
33,Kandahar,3303,Zheray,'65.23116987,31.475434366,65.561680912,31.812532152','65.23116987,31.475434366 65.561680912,31.475434366 65.561680912,31.812532152 65.23116987,31.812532152 65.23116987,31.475434366',portrait,yes
33,Kandahar,3304,Panjwayi,'64.676761869,30.657220895,65.608547868,31.615080025','64.676761869,30.657220895 65.608547868,30.657220895 65.608547868,31.615080025 64.676761869,31.615080025 64.676761869,30.657220895',portrait,yes
33,Kandahar,3305,Daman,'65.353763487,30.599104605,66.272577045,31.845043295','65.353763487,30.599104605 66.272577045,30.599104605 66.272577045,31.845043295 65.353763487,31.845043295 65.353763487,30.599104605',portrait,yes
33,Kandahar,3306,Shahwalikot,'65.636679952,31.716612456,66.376792334,32.516905392','65.636679952,31.716612456 66.376792334,31.716612456 66.376792334,32.516905392 65.636679952,32.516905392 65.636679952,31.716612456',portrait,yes
33,Kandahar,3307,Khakrez,'65.211568177,31.743437898,65.757281351,32.275993067','65.211568177,31.743437898 65.757281351,31.743437898 65.757281351,32.275993067 65.211568177,32.275993067 65.211568177,31.743437898',landscape,yes
33,Kandahar,3308,Maywand,'64.664128082,31.260906252,65.31010098,31.918070678','64.664128082,31.260906252 65.31010098,31.260906252 65.31010098,31.918070678 64.664128082,31.918070678 64.664128082,31.260906252',portrait,yes
33,Kandahar,3309,Reg,'64.502631076,29.534776731,65.823463381,30.747480173','64.502631076,29.534776731 65.823463381,29.534776731 65.823463381,30.747480173 64.502631076,30.747480173 64.502631076,29.534776731',landscape,yes
33,Kandahar,3310,Shorabak,'65.742756718,29.725726484,66.372845326,30.599107783','65.742756718,29.725726484 66.372845326,29.725726484 66.372845326,30.599107783 65.742756718,30.599107783 65.742756718,29.725726484',portrait,yes
33,Kandahar,3311,Spinboldak,'65.713549181,30.497766255,66.732864423,31.416109048','65.713549181,30.497766255 66.732864423,30.497766255 66.732864423,31.416109048 65.713549181,31.416109048 65.713549181,30.497766255',landscape,yes
33,Kandahar,3312,Arghestan,'66.071807606,31.200021222,67.023728912,31.838107163','66.071807606,31.200021222 67.023728912,31.200021222 67.023728912,31.838107163 66.071807606,31.838107163 66.071807606,31.200021222',landscape,yes
33,Kandahar,3313,Miyanshin,'66.102384111,32.201801897,66.588853656,32.55556399','66.102384111,32.201801897 66.588853656,32.201801897 66.588853656,32.55556399 66.102384111,32.55556399 66.102384111,32.201801897',landscape,yes
33,Kandahar,3314,Nesh,'65.41991051,32.227793226,66.033224129,32.588086155','65.41991051,32.227793226 66.033224129,32.227793226 66.033224129,32.588086155 65.41991051,32.588086155 65.41991051,32.227793226',landscape,yes
33,Kandahar,3315,Ghorak,'64.910188064,31.837419469,65.436321881,32.321552683','64.910188064,31.837419469 65.436321881,31.837419469 65.436321881,32.321552683 64.910188064,32.321552683 64.910188064,31.837419469',landscape,yes
33,Kandahar,3316,Maruf,'66.802789626,31.198194758,67.796601561,31.758649703','66.802789626,31.198194758 67.796601561,31.198194758 67.796601561,31.758649703 66.802789626,31.758649703 66.802789626,31.198194758',landscape,yes
34,Nimroz,3401,Zaranj,'61.765558523,30.796075068,62.38709104,31.110597586','61.765558523,30.796075068 62.38709104,30.796075068 62.38709104,31.110597586 61.765558523,31.110597586 61.765558523,30.796075068',landscape,yes
34,Nimroz,3402,Kang,'61.601069283,31.021276875,62.062967952,31.645787128','61.601069283,31.021276875 62.062967952,31.021276875 62.062967952,31.645787128 61.601069283,31.645787128 61.601069283,31.021276875',portrait,yes
34,Nimroz,3403,Charburjak,'60.873057281,29.379291644,63.087896563,30.825031212','60.873057281,29.379291644 63.087896563,29.379291644 63.087896563,30.825031212 60.873057281,30.825031212 60.873057281,29.379291644',landscape,yes
34,Nimroz,3404,Chakhansur,'61.75745988,30.794378316,63.289881229,32.054634304','61.75745988,30.794378316 63.289881229,30.794378316 63.289881229,32.054634304 61.75745988,32.054634304 61.75745988,30.794378316',landscape,yes
34,Nimroz,3405,Khashrod,'62.30357444,31.26165905,63.552234057,32.260034831','62.30357444,31.26165905 63.552234057,31.26165905 63.552234057,32.260034831 62.30357444,32.260034831 62.30357444,31.26165905',landscape,yes
